series,date,adj_close,ret,ret_w,ret_vol_scaled,ret_vol_scaled_w,vol_20,vol_60,rv_20_annual,rv_60_annual,rsi14,macd,macd_signal,macd_hist,bb_mid,bb_upper,bb_lower
Net Change SA - NFP TCH Index Index,2000-02-29T00:00:00.000000,110.0,,,,,,,,,,0.0,0.0,0.0,,,
Net Change SA - NFP TCH Index Index,2000-03-31T00:00:00.000000,483.0,1.4795362878601557,1.4795362878601557,,,,,,,,29.754985754985768,5.9509971509971535,23.803988603988614,,,
Net Change SA - NFP TCH Index Index,2000-04-30T00:00:00.000000,279.0,-0.5488048718312069,-0.5488048718312069,,,,,,,,36.45470410142778,12.051738541083278,24.4029655603445,,,
Net Change SA - NFP TCH Index Index,2000-05-31T00:00:00.000000,222.0,-0.2285343999490861,-0.2285343999490861,,,,,,,,36.741324411586845,16.989655715183993,19.751668696402852,,,
Net Change SA - NFP TCH Index Index,2000-06-30T00:00:00.000000,-43.0,NaN,NaN,,,,,,,,15.407578792348659,16.673240330616927,-1.2656615382682688,,,
Net Change SA - NFP TCH Index Index,2000-07-31T00:00:00.000000,166.0,NaN,NaN,,,,,,,,15.189885457705088,16.376569356034558,-1.1866838983294699,,,
Net Change SA - NFP TCH Index Index,2000-08-31T00:00:00.000000,6.0,-3.3202283191284887,-2.364888976330201,,,,,,,,2.0826911304748705,13.517793710922621,-11.43510258044775,,,
Net Change SA - NFP TCH Index Index,2000-09-30T00:00:00.000000,104.0,2.8526314299133175,2.8526314299133175,,,,,,,,-0.3925487684145992,10.73572521505518,-11.128273983469779,,,
Net Change SA - NFP TCH Index Index,2000-10-31T00:00:00.000000,14.0,-2.005333569526114,-2.005333569526114,,,,,,,,-9.506852976736383,6.687209576696868,-16.194062553433252,,,
Net Change SA - NFP TCH Index Index,2000-11-30T00:00:00.000000,204.0,2.6790626642289577,2.6790626642289577,,,,,,,,-1.3826542456296806,5.073236812231559,-6.45589105786124,,,
Net Change SA - NFP TCH Index Index,2000-12-31T00:00:00.000000,160.0,-0.24294617861038947,-0.24294617861038947,,,,,,,,1.4882439539055383,4.356238240566356,-2.8679942866608172,,,
Net Change SA - NFP TCH Index Index,2001-01-31T00:00:00.000000,-13.0,NaN,NaN,,,,,,,,-10.080006675562942,1.4689892573404961,-11.548995932903438,,,
Net Change SA - NFP TCH Index Index,2001-02-28T00:00:00.000000,85.0,NaN,NaN,,,,,,,,-11.210915212319563,-1.0669916365915157,-10.143923575728047,,,
Net Change SA - NFP TCH Index Index,2001-03-31T00:00:00.000000,-37.0,NaN,NaN,,,,,,,44.01515849092056,-21.701388678868838,-5.19387104504698,-16.50751763382186,,,
Net Change SA - NFP TCH Index Index,2001-04-30T00:00:00.000000,-294.0,NaN,NaN,,,,,,,36.195578369855404,-50.174535825836294,-14.190004001204844,-35.984531824631446,,,
Net Change SA - NFP TCH Index Index,2001-05-31T00:00:00.000000,-48.0,NaN,NaN,,,,,,,46.071664080885455,-52.286835888835455,-21.809370378730968,-30.477465510104487,,,
Net Change SA - NFP TCH Index Index,2001-06-30T00:00:00.000000,-110.0,NaN,NaN,,,,,,,44.214131506280495,-58.29177940384807,-29.105852183754386,-29.18592722009368,,,
Net Change SA - NFP TCH Index Index,2001-07-31T00:00:00.000000,-128.0,NaN,NaN,,,,,,,43.66371841341529,-63.7681108825178,-36.03830392350707,-27.72980695901073,,,
Net Change SA - NFP TCH Index Index,2001-08-31T00:00:00.000000,-150.0,NaN,NaN,,,,,,,42.959796106477825,-69.08696761500813,-42.64803666180728,-26.438930953200853,,,
Net Change SA - NFP TCH Index Index,2001-09-30T00:00:00.000000,-258.0,NaN,NaN,,,,,,,39.58591011789141,-81.08223180581955,-50.334875690609735,-30.74735611520981,37.6,412.3163980230495,-337.11639802304944
Net Change SA - NFP TCH Index Index,2001-10-31T00:00:00.000000,-311.0,NaN,NaN,NaN,NaN,NaN,,NaN,,38.008356672170024,-93.78413700596161,-59.02472795368011,-34.7594090522815,16.55,420.31568243944344,-387.2156824394434
Net Change SA - NFP TCH Index Index,2001-11-30T00:00:00.000000,-308.0,NaN,NaN,NaN,NaN,NaN,,NaN,,38.15858537985391,-102.42769080087677,-67.70532052311945,-34.72237027775732,-23.0,341.431785545374,-387.431785545374
Net Change SA - NFP TCH Index Index,2001-12-31T00:00:00.000000,-161.0,NaN,NaN,NaN,NaN,NaN,,NaN,,45.17018811015761,-96.30594302423336,-73.42544502334223,-22.880498000891123,-45.0,294.97213508106654,-384.97213508106654
Net Change SA - NFP TCH Index Index,2002-01-31T00:00:00.000000,-124.0,NaN,NaN,NaN,NaN,NaN,,NaN,,46.80503646346775,-87.46063131291179,-76.23248228125615,-11.228149031655633,-62.3,254.91691067951064,-379.51691067951066
Net Change SA - NFP TCH Index Index,2002-02-28T00:00:00.000000,-123.0,NaN,NaN,NaN,NaN,NaN,,NaN,,46.8511615777255,-79.45406935888022,-76.87679969678096,-2.577269662099255,-66.3,251.90820724471376,-384.5082072447138
Net Change SA - NFP TCH Index Index,2002-03-31T00:00:00.000000,-14.0,NaN,NaN,NaN,NaN,NaN,,NaN,,51.76109457420023,-63.580505783967965,-74.21754091421838,10.63703513025041,-75.3,224.91753516584038,-375.5175351658404
Net Change SA - NFP TCH Index Index,2002-04-30T00:00:00.000000,-107.0,NaN,NaN,NaN,NaN,NaN,,NaN,,47.71120391943195,-57.83819237588608,-70.94167120655192,13.103478830665836,-80.95,217.0704690956647,-378.97046909566467
Net Change SA - NFP TCH Index Index,2002-05-31T00:00:00.000000,17.0,NaN,NaN,NaN,NaN,NaN,,NaN,,52.99238963915119,-42.78836628834743,-65.31101022291102,22.52264393456359,-85.3,203.75879933619768,-374.3587993361977
Net Change SA - NFP TCH Index Index,2002-06-30T00:00:00.000000,41.0,0.8803587226480918,0.8803587226480918,NaN,NaN,NaN,,NaN,,53.961598276532285,-28.595045378870182,-57.96781725410286,29.37277187523268,-83.95,207.30534103980057,-375.20534103980054
Net Change SA - NFP TCH Index Index,2002-07-31T00:00:00.000000,-90.0,NaN,NaN,NaN,NaN,NaN,,NaN,,48.128537474642705,-27.59919514632964,-51.894092832548225,24.294897686218583,-98.65,159.17105177204226,-356.4710517720423
Net Change SA - NFP TCH Index Index,2002-08-31T00:00:00.000000,-1.0,NaN,NaN,NaN,NaN,NaN,,NaN,,51.93031232724875,-19.404734763042,-45.39622121864698,25.991486455604978,-106.7,125.9416716076917,-339.3416716076917
Net Change SA - NFP TCH Index Index,2002-09-30T00:00:00.000000,-79.0,NaN,NaN,NaN,NaN,NaN,,NaN,,48.5704657390057,-18.985659137810458,-40.11410880247968,21.12844966466922,-110.0,118.88746947836731,-338.8874694783673
Net Change SA - NFP TCH Index Index,2002-10-31T00:00:00.000000,114.0,NaN,NaN,NaN,NaN,NaN,,NaN,,56.133244812693235,-3.044951350089896,-32.70027731200172,29.65532596191182,-108.55,125.84011565292055,-342.94011565292055
Net Change SA - NFP TCH Index Index,2002-11-30T00:00:00.000000,-1.0,NaN,NaN,NaN,NaN,NaN,,NaN,,51.2931546983254,0.305118299549747,-26.099198189691425,26.40431648924117,-106.75,130.4892751721572,-343.9892751721572
Net Change SA - NFP TCH Index Index,2002-12-31T00:00:00.000000,-151.0,NaN,NaN,NaN,NaN,NaN,,NaN,,45.751758605176896,-9.039472354431169,-22.687253022639375,13.647780668208206,-99.6,121.98035253961251,-321.1803525396125
Net Change SA - NFP TCH Index Index,2003-01-31T00:00:00.000000,108.0,NaN,NaN,NaN,NaN,NaN,,NaN,,54.826542717843665,4.403249752614347,-17.269152467588633,21.67240222020298,-91.8,147.6876988380339,-331.2876988380339
Net Change SA - NFP TCH Index Index,2003-02-28T00:00:00.000000,-132.0,NaN,NaN,NaN,NaN,NaN,,NaN,,46.98338261813214,-4.260181642180363,-14.66735830250698,10.407176660326616,-92.9,147.14113682538047,-332.94113682538045
Net Change SA - NFP TCH Index Index,2003-03-31T00:00:00.000000,-206.0,NaN,NaN,NaN,NaN,NaN,,NaN,,44.852816106565534,-16.902355166396383,-15.114357675284861,-1.787997491111522,-96.8,148.12714276526782,-341.7271427652678
Net Change SA - NFP TCH Index Index,2003-04-30T00:00:00.000000,-63.0,NaN,NaN,NaN,NaN,NaN,,NaN,,49.60834113611748,-15.207165133615248,-15.13291916695094,-0.07424596666430894,-92.45,151.5875079022852,-336.4875079022852
Net Change SA - NFP TCH Index Index,2003-05-31T00:00:00.000000,24.0,NaN,NaN,NaN,NaN,NaN,,NaN,,52.30317796513176,-6.765552827207053,-13.459445899002162,6.6938930717951095,-78.35,157.87493740634497,-314.57493740634493
Net Change SA - NFP TCH Index Index,2003-06-30T00:00:00.000000,-11.0,NaN,NaN,NaN,NaN,NaN,,NaN,,51.118806329701975,-2.866676486548698,-11.34089201651147,8.474215529962771,-63.35,147.39831584517813,-274.09831584517815
Net Change SA - NFP TCH Index Index,2003-07-31T00:00:00.000000,-1.0,NaN,NaN,NaN,NaN,NaN,,NaN,,51.45702915349365,1.0183881847539809,-8.86903597625838,9.88742416101236,-48.0,129.8775451051413,-225.8775451051413
Net Change SA - NFP TCH Index Index,2003-08-31T00:00:00.000000,-31.0,NaN,NaN,NaN,NaN,NaN,,NaN,,50.33187974365735,1.657474315435529,-6.763733917919597,8.421208233355127,-41.5,128.30918083171133,-211.30918083171133
Net Change SA - NFP TCH Index Index,2003-09-30T00:00:00.000000,100.0,NaN,NaN,NaN,NaN,NaN,,NaN,,54.9628414977459,12.589436676334913,-2.8930997990686955,15.482536475403608,-30.3,146.02159613376315,-206.62159613376318
Net Change SA - NFP TCH Index Index,2003-10-31T00:00:00.000000,187.0,0.625938430866495,0.625938430866495,NaN,NaN,NaN,,NaN,,57.77837715999659,27.951066028306393,3.275733366406322,24.67533266190007,-14.8,180.67254484830772,-210.27254484830775
Net Change SA - NFP TCH Index Index,2003-11-30T00:00:00.000000,41.0,-1.5175365501502789,-1.5175365501502789,NaN,NaN,NaN,,NaN,,51.91313929775105,28.021276306593947,8.224841954443848,19.7964343521501,-12.05,185.0110111241266,-209.11101112412663
Net Change SA - NFP TCH Index Index,2003-12-31T00:00:00.000000,108.0,0.968559160419912,0.968559160419912,NaN,NaN,NaN,,NaN,,54.21031682391063,33.10168291999196,13.20021014755347,19.90147277243849,-1.3,197.40221040806927,-200.0022104080693
Net Change SA - NFP TCH Index Index,2004-01-31T00:00:00.000000,167.0,0.4358625852925355,0.4358625852925355,NaN,NaN,NaN,,NaN,,56.194836159117195,41.41138402256884,18.842444922556545,22.568939100012294,6.2,218.65789675777373,-206.25789675777375
Net Change SA - NFP TCH Index Index,2004-02-29T00:00:00.000000,64.0,-0.9591107290570839,-0.9591107290570839,NaN,NaN,NaN,,NaN,,51.96099057731638,39.23338478358983,22.9206328947632,16.312751888826625,7.35,220.8474670132005,-206.1474670132005
Net Change SA - NFP TCH Index Index,2004-03-31T00:00:00.000000,319.0,1.6063080194251729,1.6063080194251729,NaN,NaN,NaN,,NaN,,59.996666707002014,57.42175136520354,29.82085658885127,27.60089477635227,27.8,277.3449331968303,-221.74493319683032
Net Change SA - NFP TCH Index Index,2004-04-30T00:00:00.000000,273.0,-0.15571930759988462,-0.15571930759988462,NaN,NaN,NaN,,NaN,,58.108373482198566,67.34800152042564,37.326285575166146,30.021715945259494,41.5,313.46555509456476,-230.46555509456476
Net Change SA - NFP TCH Index Index,2004-05-31T00:00:00.000000,285.0,0.04301738508369102,0.04301738508369102,NaN,NaN,NaN,,NaN,,58.4755327367963,75.31474450220446,44.923977360573815,30.390767141630647,59.7,346.04987800168334,-226.64987800168336
Net Change SA - NFP TCH Index Index,2004-06-30T00:00:00.000000,97.0,-1.077778201765268,-1.077778201765268,NaN,NaN,NaN,,NaN,,50.9425159803092,65.70105601781803,49.07939309202266,16.62166292579537,58.85,344.621550276385,-226.92155027638498
Net Change SA - NFP TCH Index Index,2004-07-31T00:00:00.000000,59.0,-0.4971735345976631,-0.4971735345976631,NaN,NaN,NaN,,NaN,,49.55296394883045,54.38889488597319,50.14129345081277,4.247601435160419,61.85,346.23245189773655,-222.53245189773654
Net Change SA - NFP TCH Index Index,2004-08-31T00:00:00.000000,87.0,0.388370674748864,0.388370674748864,NaN,NaN,NaN,,NaN,,50.621746286154405,47.139892348077964,49.54101323026581,-2.401120882187847,73.75,339.96864777106174,-192.46864777106174
Net Change SA - NFP TCH Index Index,2004-09-30T00:00:00.000000,151.0,0.5513717181603406,0.5513717181603406,NaN,NaN,NaN,,NaN,,53.06921986798819,46.0286807602902,48.838546736270686,-2.809865975980486,75.9,343.97139661704034,-192.1713966170403
Net Change SA - NFP TCH Index Index,2004-10-31T00:00:00.000000,340.0,0.8116657807952832,0.8116657807952832,NaN,NaN,NaN,,NaN,,59.45972883658413,59.71045309737627,51.01292800849181,8.697525088884461,99.5,373.5468649894144,-174.54686498941442
Net Change SA - NFP TCH Index Index,2004-11-30T00:00:00.000000,73.0,-1.5384861764618165,-1.5384861764618165,NaN,NaN,NaN,,NaN,,49.25576551643046,48.450184095408076,50.500379225875065,-2.0501951304669888,113.45,347.5048518706898,-120.60485187068976
Net Change SA - NFP TCH Index Index,2004-12-31T00:00:00.000000,125.0,0.5378542961539106,0.5378542961539106,NaN,NaN,NaN,,NaN,,51.018766082175276,43.22404531500098,49.04511244370025,-5.821067128699269,122.85,341.67198965802027,-95.97198965802028
Net Change SA - NFP TCH Index Index,2005-01-31T00:00:00.000000,152.0,0.19556678354397494,0.19556678354397494,NaN,NaN,NaN,,NaN,,51.952201644117956,40.79075658032306,47.39424127102481,-6.603484690701748,129.25,343.33495608298267,-84.8349560829827
Net Change SA - NFP TCH Index Index,2005-02-28T00:00:00.000000,252.0,0.5055485666651469,0.5055485666651469,NaN,NaN,NaN,NaN,NaN,NaN,55.346362225283585,46.39668983286518,47.19473098339289,-0.798041150527709,142.4,352.48409343829314,-67.6840934382931
Net Change SA - NFP TCH Index Index,2005-03-31T00:00:00.000000,119.0,-0.7503055943998937,-0.7503055943998937,NaN,NaN,NaN,NaN,NaN,NaN,50.260952681604955,39.650378964254415,45.685860579565194,-6.035481615310779,148.4,347.8238015673629,-51.02380156736291
Net Change SA - NFP TCH Index Index,2005-04-30T00:00:00.000000,367.0,1.126238354943041,1.126238354943041,NaN,NaN,NaN,NaN,NaN,NaN,58.0087820460528,53.69642738384135,47.28797394042043,6.408453443420925,168.3,371.73792535730456,-35.13792535730451
Net Change SA - NFP TCH Index Index,2005-05-31T00:00:00.000000,170.0,-0.7695634110043086,-0.7695634110043086,-0.8595213958104075,-0.8595213958104075,0.8953394467612046,NaN,14.213073090697813,NaN,51.187780993490684,48.374141360624975,47.50520742446134,0.8689339361636357,171.8,372.6828933535787,-29.08289335357867
Net Change SA - NFP TCH Index Index,2005-06-30T00:00:00.000000,258.0,0.4171611478713553,0.4171611478713553,0.46915319326233174,0.46915319326233174,0.8891789587331987,NaN,14.11527837503645,NaN,53.8010698543127,50.672929902428336,48.13875192005474,2.534177982373599,175.35,379.84092117281216,-29.140921172812142
Net Change SA - NFP TCH Index Index,2005-07-31T00:00:00.000000,353.0,0.3135084720116792,0.3135084720116792,0.3851207204169467,0.3851207204169467,0.8140524656067912,NaN,12.922682268927183,NaN,56.50809865795548,59.474853347973124,50.40597220563842,9.068881142334703,190.95,399.8422915611876,-17.94229156118763
Net Change SA - NFP TCH Index Index,2005-08-31T00:00:00.000000,203.0,-0.5532620778915094,-0.5532620778915094,-0.6912714169215313,-0.6912714169215313,0.8003543389011731,NaN,12.705231248784076,NaN,51.38803557760353,53.727359143223595,51.07024959315546,2.657109550068135,195.7,400.93885956047455,-9.538859560474577
Net Change SA - NFP TCH Index Index,2005-09-30T00:00:00.000000,51.0,-1.3813803463174614,-1.3813803463174614,-1.6186182107211975,-1.6186182107211975,0.8534318575978262,NaN,13.547810736862427,NaN,46.76407640748273,36.486702895705065,48.15354025366538,-11.666837357960318,189.9,404.8789708197917,-25.078970819791664
Net Change SA - NFP TCH Index Index,2005-10-31T00:00:00.000000,89.0,0.5568107370078139,0.5568107370078139,0.665675542008649,0.665675542008649,0.8364596592022295,NaN,13.278385439921637,NaN,48.023250509283194,25.594602383880527,43.64175267970841,-18.047150295827883,191.15,403.3190239805097,-21.0190239805097
Net Change SA - NFP TCH Index Index,2005-11-30T00:00:00.000000,356.0,1.3862943611198908,1.3862943611198908,1.6996434715492617,1.6996434715492617,0.815638329052771,NaN,12.947857070675406,NaN,55.913626728338855,38.06837432038401,42.52707700784353,-4.458702687459521,193.0,410.4425513966729,-24.44255139667291
Net Change SA - NFP TCH Index Index,2005-12-31T00:00:00.000000,159.0,-0.8060265286317989,-0.8060265286317989,-0.9651482992726642,-0.9651482992726642,0.8351323099664792,NaN,13.257314424037276,NaN,49.895150121773796,31.69234521855188,40.3601306499852,-8.667785431433323,187.3,401.87041538360955,-27.27041538360953
Net Change SA - NFP TCH Index Index,2006-01-31T00:00:00.000000,268.0,0.522082778290625,0.522082778290625,0.6185305138628603,0.6185305138628603,0.8440695593659595,NaN,13.399188859933192,NaN,52.915072466149596,35.0308711904093,39.29427875807002,-4.263407567660721,186.45,399.5202626884035,-26.6202626884035
Net Change SA - NFP TCH Index Index,2006-02-28T00:00:00.000000,305.0,0.12932479609655534,0.12932479609655534,0.1605617826022247,0.1605617826022247,0.8054519201306093,NaN,12.78615284211031,NaN,53.93013513983894,40.19888018613341,39.4751990436827,0.7236811424507081,196.85,411.8332551618846,-18.133255161884648
Net Change SA - NFP TCH Index Index,2006-03-31T00:00:00.000000,305.0,0.0,0.0,0.0,0.0,0.7950440662304575,NaN,12.620933283500138,NaN,53.93013513983894,43.78978318636018,40.3381158722182,3.451667314141986,209.15,419.01338914937776,-0.7133891493777185
Net Change SA - NFP TCH Index Index,2006-04-30T00:00:00.000000,172.0,-0.5728172997939591,-0.5728172997939591,-0.7119697298750268,-0.7119697298750268,0.8045528844246042,NaN,12.771881092723167,NaN,49.48294428471078,35.49445324994113,39.369383347762785,-3.874930097821654,213.4,416.17070275248557,10.629297247514472
Net Change SA - NFP TCH Index Index,2006-05-31T00:00:00.000000,41.0,-1.4339224101091448,-1.4339224101091448,-1.6711155710064178,-1.6711155710064178,0.8580629819908715,NaN,13.621327557470043,NaN,45.502817671449584,18.140625484941154,35.12363177519846,-16.983006290257308,207.9,423.36708137879145,-7.567081378791443
Net Change SA - NFP TCH Index Index,2006-06-30T00:00:00.000000,86.0,0.7407752295491994,0.7407752295491994,0.8670236160526898,0.8670236160526898,0.8543887569311397,NaN,13.563001042856452,NaN,47.07755160012327,7.927334495440391,29.68437231924685,-21.75703782380646,195.2,407.8064810617816,-17.40648106178159
Net Change SA - NFP TCH Index Index,2006-07-31T00:00:00.000000,194.0,0.8135108628098209,0.8135108628098209,1.0147547617737867,1.0147547617737867,0.8016822324517183,NaN,12.72631090539793,NaN,50.755351551724914,8.450512956709673,25.437600446739417,-16.987087490029744,201.25,405.95453675583514,-3.454536755835136
Net Change SA - NFP TCH Index Index,2006-08-31T00:00:00.000000,164.0,-0.16799173123912947,-0.16799173123912947,-0.21143601005556137,-0.21143601005556137,0.7945275319704739,NaN,12.612733556326768,NaN,49.72169495171348,6.370946076431096,21.624269572677754,-15.253323496246658,203.2,405.5759919191581,0.8240080808418497
Net Change SA - NFP TCH Index Index,2006-09-30T00:00:00.000000,136.0,-0.1872115420881464,-0.1872115420881464,-0.23562752318141517,-0.23562752318141517,0.7945232354881048,NaN,12.612665351783603,NaN,48.7243127275534,2.435434177905961,17.786502493723397,-15.351068315817436,202.4,405.75232583143134,-0.9523258314313523
Net Change SA - NFP TCH Index Index,2006-10-31T00:00:00.000000,17.0,-2.079441541679836,-2.079441541679836,-2.2875871637008593,-2.2875871637008593,0.9090108454340664,NaN,14.43009981647468,NaN,44.62710462058888,-10.16857581869246,12.195486831240226,-22.364062649932684,190.65,408.57057944895524,-27.270579448955232
Net Change SA - NFP TCH Index Index,2006-11-30T00:00:00.000000,215.0,2.5374246840714463,2.5374246840714463,2.362311521015472,2.362311521015472,1.0741278876634777,NaN,17.051251602220113,NaN,51.877960004782764,-4.13275942493118,8.929837580005946,-13.062597004937126,195.45,410.94109152425716,-20.041091524257183
Net Change SA - NFP TCH Index Index,2006-12-31T00:00:00.000000,188.0,-0.13419606529771322,-0.13419606529771322,-0.12867333811260218,-0.12867333811260218,1.0429205246877027,NaN,16.55585007317196,NaN,50.89917786639929,-1.5105926272557326,6.841751538553611,-8.352344165809344,186.5,386.287782145798,-13.28778214579799
Net Change SA - NFP TCH Index Index,2007-01-31T00:00:00.000000,223.0,0.17072980863016962,0.17072980863016962,0.16590328249485709,0.16590328249485709,1.0290924089188058,NaN,16.336335540621292,NaN,52.15923496387116,3.353049081774941,6.144011047197877,-2.7909619654229356,189.15,389.42168389071145,-11.121683890711438
Net Change SA - NFP TCH Index Index,2007-02-28T00:00:00.000000,86.0,-0.9528244752066115,-0.9528244752066115,-0.9106904697722875,-0.9106904697722875,1.0462660001755144,NaN,16.608957850120035,NaN,47.06756338355988,-3.8033917340189873,4.154530490954504,-7.957922224973491,180.55,383.13173139436054,-22.03173139436052
Net Change SA - NFP TCH Index Index,2007-03-31T00:00:00.000000,224.0,0.9572987556015322,0.9572987556015322,0.896449326842177,0.896449326842177,1.0678782692310147,NaN,16.95204198525206,NaN,52.13607749288969,1.6416006950201734,3.6519445317676382,-2.010343836747465,174.1,361.1850074164148,-12.985007416414845
Net Change SA - NFP TCH Index Index,2007-04-30T00:00:00.000000,63.0,-1.268511325463507,-1.268511325463507,-1.1551577094329575,-1.1551577094329575,1.0981282599812214,NaN,17.432245701374367,NaN,46.53732046711856,-6.954392139151622,1.5306771975837863,-8.485069336735409,167.1,360.01765355361226,-25.817653553612303
Net Change SA - NFP TCH Index Index,2007-05-31T00:00:00.000000,148.0,0.8540775473725821,0.8540775473725821,0.7983562708341249,0.7983562708341249,1.0697950007710713,NaN,16.98246915516244,NaN,49.61372373186039,-6.8292652469597215,-0.14131129132491527,-6.687953955634806,171.95,357.30709490488607,-13.407094904886094
Net Change SA - NFP TCH Index Index,2007-06-30T00:00:00.000000,76.0,-0.6664789334777836,-0.6664789334777836,-0.6202975666327346,-0.6202975666327346,1.0744503433984807,NaN,17.05637042832198,NaN,47.1393007966182,-12.396994716074772,-2.592447976274887,-9.804546739799886,171.3,357.9684085131764,-15.368408513176405
Net Change SA - NFP TCH Index Index,2007-07-31T00:00:00.000000,-25.0,NaN,NaN,NaN,NaN,NaN,NaN,NaN,NaN,43.83650593802442,-24.674879687990284,-7.008934318617968,-17.665945369372317,152.25,337.3108719199968,-32.81087191999683
Net Change SA - NFP TCH Index Index,2007-08-31T00:00:00.000000,-31.0,NaN,NaN,NaN,NaN,NaN,NaN,NaN,NaN,43.64088893020425,-34.49174250430028,-12.50549595575443,-21.986246548545846,142.75,345.05552715086526,-59.55552715086523
Net Change SA - NFP TCH Index Index,2007-09-30T00:00:00.000000,88.0,NaN,NaN,NaN,NaN,NaN,NaN,NaN,NaN,48.54518928835289,-32.29707100705825,-16.463810966015195,-15.833260041043054,133.75,328.467474143545,-60.96747414354499
Net Change SA - NFP TCH Index Index,2007-10-31T00:00:00.000000,76.0,-0.1466034741918758,-0.1466034741918758,NaN,NaN,NaN,NaN,NaN,NaN,48.09073178387517,-31.166806204295312,-19.404410013671217,-11.762396190624095,122.3,300.88048458239837,-56.28048458239836
Net Change SA - NFP TCH Index Index,2007-11-30T00:00:00.000000,114.0,0.4054651081081646,0.4054651081081646,NaN,NaN,NaN,NaN,NaN,NaN,49.69667722785065,-26.894754792395048,-20.902478969415984,-5.992275822979064,112.75,269.2564316821987,-43.75643168219872
Net Change SA - NFP TCH Index Index,2007-12-31T00:00:00.000000,104.0,-0.09180754925312318,-0.09180754925312318,NaN,NaN,NaN,NaN,NaN,NaN,49.26473750923281,-24.03893383102141,-21.529769941737072,-2.5091638892843378,109.35,263.37156376710095,-44.67156376710099
Net Change SA - NFP TCH Index Index,2008-01-31T00:00:00.000000,-4.0,NaN,NaN,NaN,NaN,NaN,NaN,NaN,NaN,44.74182750168164,-30.14290391734096,-23.25239673685785,-6.890507180483109,107.1,266.5449583299582,-52.34495832995822
Net Change SA - NFP TCH Index Index,2008-02-29T00:00:00.000000,-64.0,NaN,NaN,NaN,NaN,NaN,NaN,NaN,NaN,42.41220880740354,-39.36803257280682,-26.475523904047645,-12.892508668759174,99.6,276.3917597508138,-77.19175975081382
Net Change SA - NFP TCH Index Index,2008-03-31T00:00:00.000000,-70.0,NaN,NaN,NaN,NaN,NaN,NaN,NaN,NaN,42.17571581896495,-46.62569140460704,-30.505557404159525,-16.120134000447514,86.4,272.68263755012595,-99.8826375501259
Net Change SA - NFP TCH Index Index,2008-04-30T00:00:00.000000,-219.0,NaN,NaN,NaN,NaN,NaN,NaN,NaN,NaN,36.70249831544247,-63.666584319497744,-37.137762787227174,-26.52882153227057,67.25,294.2411892563233,-159.74118925632334
Net Change SA - NFP TCH Index Index,2008-05-31T00:00:00.000000,-187.0,NaN,NaN,NaN,NaN,NaN,NaN,NaN,NaN,38.54696978012528,-73.73945957396198,-44.45810214457414,-29.28135742938784,51.1,302.17927035101883,-199.9792703510188
Net Change SA - NFP TCH Index Index,2008-06-30T00:00:00.000000,-153.0,NaN,NaN,NaN,NaN,NaN,NaN,NaN,NaN,40.52985683643155,-78.07872697191588,-51.18222711004249,-26.896499861873394,42.6,309.5487630712365,-224.3487630712365
Net Change SA - NFP TCH Index Index,2008-07-31T00:00:00.000000,-200.0,NaN,NaN,NaN,NaN,NaN,NaN,NaN,NaN,38.672233922244956,-84.33793958316848,-57.81336960466769,-26.524569978500786,21.85,296.7718262094078,-253.07182620940776
Net Change SA - NFP TCH Index Index,2008-08-31T00:00:00.000000,-287.0,NaN,NaN,NaN,NaN,NaN,NaN,NaN,NaN,35.434679503989415,-95.22093590727613,-65.29488286518938,-29.92605304208675,-1.9,293.86512729920645,-297.6651272992064
Net Change SA - NFP TCH Index Index,2008-09-30T00:00:00.000000,-449.0,NaN,NaN,NaN,NaN,NaN,NaN,NaN,NaN,30.34103477615902,-115.5854380312092,-75.35299389839335,-40.23244413281584,-35.5,302.3741590717187,-373.3741590717187
Net Change SA - NFP TCH Index Index,2008-10-31T00:00:00.000000,-469.0,NaN,NaN,NaN,NaN,NaN,NaN,NaN,NaN,29.77203984511273,-131.81876091427688,-86.64614730157007,-45.17261361270681,-63.25,320.6397182648601,-447.1397182648601
Net Change SA - NFP TCH Index Index,2008-11-30T00:00:00.000000,-750.0,NaN,NaN,NaN,NaN,NaN,NaN,NaN,NaN,23.191425251348946,-165.4509225928709,-102.40710235983025,-63.04382023304066,-111.95,356.3488137368794,-580.2488137368794
Net Change SA - NFP TCH Index Index,2008-12-31T00:00:00.000000,-696.0,NaN,NaN,NaN,NaN,NaN,NaN,NaN,NaN,26.551233519526036,-185.60773390695033,-119.04722866925427,-66.56050523769606,-149.9,377.93486253303047,-677.7348625330304
Net Change SA - NFP TCH Index Index,2009-01-31T00:00:00.000000,-769.0,NaN,NaN,NaN,NaN,NaN,NaN,NaN,NaN,24.96162071765609,-205.10828141619263,-136.25943921864194,-68.84884219755068,-195.75,380.241913320427,-771.741913320427
Net Change SA - NFP TCH Index Index,2009-02-28T00:00:00.000000,-761.0,NaN,NaN,NaN,NaN,NaN,NaN,NaN,NaN,25.48810338436695,-217.41089520359105,-152.48973041563178,-64.92116478795927,-237.6,375.6781287131432,-850.8781287131433
Net Change SA - NFP TCH Index Index,2009-03-31T00:00:00.000000,-825.0,NaN,NaN,NaN,NaN,NaN,NaN,NaN,NaN,24.035243195694306,-229.67749124552898,-167.92728258161122,-61.75020866391776,-277.6,380.04536916102995,-935.24536916103
Net Change SA - NFP TCH Index Index,2009-04-30T00:00:00.000000,-671.0,NaN,NaN,NaN,NaN,NaN,NaN,NaN,NaN,33.81192506291907,-224.38576459752557,-179.2189789847941,-45.16678561273147,-309.6,359.70204022745327,-978.9020402274533
Net Change SA - NFP TCH Index Index,2009-05-31T00:00:00.000000,-353.0,NaN,NaN,NaN,NaN,NaN,NaN,NaN,NaN,48.53984736148708,-192.3152008180639,-181.83822335144808,-10.476977466615807,-331.65,311.02672973849656,-974.3267297384965
Net Change SA - NFP TCH Index Index,2009-06-30T00:00:00.000000,-461.0,NaN,NaN,NaN,NaN,NaN,NaN,NaN,NaN,44.88675025038718,-173.61244912967584,-180.19306850709364,6.580619377417804,-358.5,256.75228030544724,-973.7522803054472
Net Change SA - NFP TCH Index Index,2009-07-31T00:00:00.000000,-345.0,NaN,NaN,NaN,NaN,NaN,NaN,NaN,NaN,49.30029150498854,-147.72724539513047,-173.69990388470103,25.972658489570563,-381.45,192.44435117954373,-955.3443511795438
Net Change SA - NFP TCH Index Index,2009-08-31T00:00:00.000000,-190.0,NaN,NaN,NaN,NaN,NaN,NaN,NaN,NaN,54.53904666510549,-113.3986413820806,-161.63965138417694,48.241010002096345,-396.15,139.1520888393669,-931.4520888393669
Net Change SA - NFP TCH Index Index,2009-09-30T00:00:00.000000,-225.0,NaN,NaN,NaN,NaN,NaN,NaN,NaN,NaN,53.20222503270933,-88.00274203986686,-146.91226951531493,58.90952747544807,-407.2,102.53123981379161,-916.9312398137915
Net Change SA - NFP TCH Index Index,2009-10-31T00:00:00.000000,-185.0,NaN,NaN,NaN,NaN,NaN,NaN,NaN,NaN,54.57266437680504,-63.911906463604055,-130.31219690497275,66.4002904413687,-413.25,81.99640331859047,-908.4964033185904
Net Change SA - NFP TCH Index Index,2009-11-30T00:00:00.000000,-4.0,NaN,NaN,NaN,NaN,NaN,NaN,NaN,NaN,60.24577408232259,-29.870232932758825,-110.22380411052997,80.35357117777114,-409.95,95.69704769444184,-915.5970476944418
Net Change SA - NFP TCH Index Index,2009-12-31T00:00:00.000000,-250.0,NaN,NaN,NaN,NaN,NaN,NaN,NaN,NaN,50.93544128585255,-22.482936201381335,-92.67563052870025,70.19269432731892,-411.5,91.86739747634158,-914.8673974763416
Net Change SA - NFP TCH Index Index,2010-01-31T00:00:00.000000,-6.0,NaN,NaN,NaN,NaN,NaN,NaN,NaN,NaN,57.8871649190324,3.0254351545569307,-73.53541739204881,76.56085254660574,-402.45,123.89608386497929,-928.7960838649792
Net Change SA - NFP TCH Index Index,2010-02-28T00:00:00.000000,-97.0,NaN,NaN,NaN,NaN,NaN,NaN,NaN,NaN,54.770381556190976,15.716889235083386,-55.68495606662238,71.40184530170576,-399.65,132.84335058858017,-932.1433505885801
Net Change SA - NFP TCH Index Index,2010-03-31T00:00:00.000000,160.0,NaN,NaN,NaN,NaN,NaN,NaN,NaN,NaN,61.13483692832276,45.98265081686242,-35.35143468992542,81.33408550678783,-381.65,201.21525480865466,-964.5152548086546
Net Change SA - NFP TCH Index Index,2010-04-30T00:00:00.000000,255.0,0.4660897299245992,0.4660897299245992,NaN,NaN,NaN,NaN,NaN,NaN,63.19643219677702,76.74947085025781,-12.931253581888775,89.68072443214658,-354.55,293.58951552034495,-1002.6895155203449
Net Change SA - NFP TCH Index Index,2010-05-31T00:00:00.000000,523.0,0.7183179189064974,0.7183179189064974,NaN,NaN,NaN,NaN,NaN,NaN,68.30429478859745,121.35880881545071,13.926758897579123,107.4320499178716,-305.95,449.2895158595646,-1061.1895158595646
Net Change SA - NFP TCH Index Index,2010-06-30T00:00:00.000000,-134.0,NaN,NaN,NaN,NaN,NaN,NaN,NaN,NaN,49.98822596036102,102.51588204954257,31.644583527971815,70.87129852157075,-289.2,465.6728997234184,-1044.0728997234185
Net Change SA - NFP TCH Index Index,2010-07-31T00:00:00.000000,-94.0,NaN,NaN,NaN,NaN,NaN,NaN,NaN,NaN,50.85233089613434,89.77551626942034,43.27077007626152,46.504746193158816,-256.4,470.6642916623855,-983.4642916623854
Net Change SA - NFP TCH Index Index,2010-08-31T00:00:00.000000,1.0,NaN,NaN,NaN,NaN,NaN,NaN,NaN,NaN,52.93233951684751,86.34901297992946,51.886418656995104,34.46259432293435,-221.55,483.27143315280847,-926.3714331528085
Net Change SA - NFP TCH Index Index,2010-09-30T00:00:00.000000,-74.0,NaN,NaN,NaN,NaN,NaN,NaN,NaN,NaN,51.09388260148075,76.69749031175364,56.848632987946814,19.848857323806826,-186.8,471.36190617266965,-844.9619061726696
Net Change SA - NFP TCH Index Index,2010-10-31T00:00:00.000000,279.0,NaN,NaN,NaN,NaN,NaN,NaN,NaN,NaN,58.41485418415429,96.42125471347624,64.7631573330527,31.65809738042354,-134.8,496.11832818686224,-765.7183281868622
Net Change SA - NFP TCH Index Index,2010-11-30T00:00:00.000000,128.0,-0.7791815179017485,-0.7791815179017485,NaN,NaN,NaN,NaN,NaN,NaN,54.6464748624258,98.7299447180911,71.55651481006038,27.173429908030727,-87.15,463.07532226639466,-637.3753222663946
Net Change SA - NFP TCH Index Index,2010-12-31T00:00:00.000000,81.0,-0.45758110924717776,-0.45758110924717776,NaN,NaN,NaN,NaN,NaN,NaN,53.489808900618264,95.66433210383674,76.37807826881566,19.286253835021085,-49.55,431.05728031807513,-530.1572803180751
Net Change SA - NFP TCH Index Index,2011-01-31T00:00:00.000000,7.0,-2.4485390056171257,-2.364888976330201,NaN,NaN,NaN,NaN,NaN,NaN,51.63660984505546,86.26917313706952,78.35629724246644,7.912875894603076,-31.55,427.6958234059287,-490.79582340592873
Net Change SA - NFP TCH Index Index,2011-02-28T00:00:00.000000,219.0,3.4431615807611875,3.4431615807611875,NaN,NaN,NaN,NaN,NaN,NaN,56.30698592289655,94.83685003618842,81.65240780121084,13.184442234977581,2.45,427.218655301113,-422.31865530111304
Net Change SA - NFP TCH Index Index,2011-03-31T00:00:00.000000,226.0,0.03146326945578526,0.03146326945578526,NaN,NaN,NaN,NaN,NaN,NaN,56.456507969994945,101.02706014192331,85.52733826935335,15.499721872569964,31.0,433.61931869878487,-371.61931869878487
Net Change SA - NFP TCH Index Index,2011-04-30T00:00:00.000000,315.0,0.33203763955334686,0.33203763955334686,NaN,NaN,NaN,NaN,NaN,NaN,58.405481671831,111.82534942542588,90.78694050056787,21.038408924858018,56.25,463.8229834546265,-351.3229834546265
Net Change SA - NFP TCH Index Index,2011-05-31T00:00:00.000000,107.0,-1.0797438043637273,-1.0797438043637273,NaN,NaN,NaN,NaN,NaN,NaN,52.49211502232339,102.41859203300852,93.11327080705601,9.305321225952511,72.85,458.65402715422897,-312.95402715422904
Net Change SA - NFP TCH Index Index,2011-06-30T00:00:00.000000,227.0,0.7521211830194972,0.7521211830194972,NaN,NaN,NaN,NaN,NaN,NaN,55.30372528457826,103.45411154569567,95.18143895478394,8.272672590911725,93.45,465.0187794941023,-278.11877949410234
Net Change SA - NFP TCH Index Index,2011-07-31T00:00:00.000000,62.0,-1.2978156324363113,-1.2978156324363113,NaN,NaN,NaN,NaN,NaN,NaN,50.847695549544945,89.92405861067053,94.12996288596126,-4.2059042752907345,96.75,465.83870706675725,-272.33870706675725
Net Change SA - NFP TCH Index Index,2011-08-31T00:00:00.000000,132.0,0.7556675375412789,0.7556675375412789,NaN,NaN,NaN,NaN,NaN,NaN,52.592859499723865,83.88285977427569,92.08054226362415,-8.197682489348466,115.85,446.9682170829785,-215.26821708297857
Net Change SA - NFP TCH Index Index,2011-09-30T00:00:00.000000,219.0,0.5062698072301304,0.5062698072301304,NaN,NaN,NaN,NaN,NaN,NaN,54.74355384060959,85.13396769705153,90.69122735030963,-5.5572596532581,127.1,456.0689795006274,-201.86897950062738
Net Change SA - NFP TCH Index Index,2011-10-31T00:00:00.000000,209.0,-0.046737477851690024,-0.046737477851690024,NaN,NaN,NaN,NaN,NaN,NaN,54.437849697297274,84.34627199327704,89.42223627890313,-5.075964285626085,142.4,455.5681236719512,-170.7681236719512
Net Change SA - NFP TCH Index Index,2011-11-30T00:00:00.000000,137.0,-0.42235332613668586,-0.42235332613668586,NaN,NaN,NaN,NaN,NaN,NaN,52.178531653715865,77.02433066418558,86.94265515595961,-9.91832449177403,141.25,454.3148999471953,-171.81489994719527
Net Change SA - NFP TCH Index Index,2011-12-31T00:00:00.000000,198.0,0.3682861048664101,0.3682861048664101,NaN,NaN,NaN,NaN,NaN,NaN,53.92330783609652,75.27609366088959,84.60934285694562,-9.33324919605603,138.4,448.1247674612855,-171.32476746128546
Net Change SA - NFP TCH Index Index,2012-01-31T00:00:00.000000,357.0,0.5894687510851035,0.5894687510851035,NaN,NaN,NaN,NaN,NaN,NaN,58.203906235182906,85.73230576758488,84.83393543907347,0.8983703285114046,130.1,403.15515155271044,-142.95515155271048
Net Change SA - NFP TCH Index Index,2012-02-29T00:00:00.000000,263.0,-0.305581749601874,-0.305581749601874,NaN,NaN,NaN,NaN,NaN,NaN,54.9535260092119,85.44891290795772,84.95693093285033,0.49198197510739305,149.95,398.81646176106915,-98.91646176106914
Net Change SA - NFP TCH Index Index,2012-03-31T00:00:00.000000,240.0,-0.09151510883577352,-0.09151510883577352,NaN,NaN,NaN,NaN,NaN,NaN,54.15659983602273,82.41834684519617,84.44921411531949,-2.0308672701233235,166.65,390.119555208899,-56.819555208898976
Net Change SA - NFP TCH Index Index,2012-04-30T00:00:00.000000,77.0,-1.136833501488307,-1.136833501488307,NaN,NaN,NaN,NaN,NaN,NaN,48.75988297546147,66.10188230206167,80.77974775266793,-14.677865450606262,170.45,384.44308891939284,-43.54308891939283
Net Change SA - NFP TCH Index Index,2012-05-31T00:00:00.000000,108.0,0.3383258052705358,0.3383258052705358,NaN,NaN,NaN,NaN,NaN,NaN,49.78476185410184,55.0379641294969,75.63139102803373,-20.593426898536833,179.55,363.0854260941984,-3.9854260941983455
Net Change SA - NFP TCH Index Index,2012-06-30T00:00:00.000000,79.0,-0.3126833746571984,-0.3126833746571984,-0.27144200856018824,-0.27144200856018824,1.1519343535503848,NaN,18.286390956997632,NaN,48.80139480364268,43.429048591111425,69.19092254064927,-25.761873949537843,169.55,352.06168672025825,-12.961686720258228
Net Change SA - NFP TCH Index Index,2012-07-31T00:00:00.000000,145.0,0.6072858899535527,0.6072858899535527,0.5288634978414672,0.5288634978414672,1.148284751040983,NaN,18.228455313252947,NaN,51.16555081785204,39.10378372666571,63.17349477785256,-24.06971105118685,170.4,352.25407683953057,-11.454076839530558
Net Change SA - NFP TCH Index Index,2012-08-31T00:00:00.000000,181.0,0.22176328884525187,0.22176328884525187,0.19386903998226962,0.19386903998226962,1.1438819156763418,NaN,18.15856246862254,NaN,52.45517886513692,38.141211155072426,58.16703805329654,-20.02582689822411,175.4,352.33697956290007,-1.5369795629000294
Net Change SA - NFP TCH Index Index,2012-09-30T00:00:00.000000,179.0,-0.011111225425071147,-0.011111225425071147,-0.011299350447506415,-0.011299350447506415,0.9833508108887106,NaN,15.610210182871405,NaN,52.372431705807635,36.79285701886607,53.892201846410444,-17.09934482754437,184.0,342.2017366329593,25.798263367040732
Net Change SA - NFP TCH Index Index,2012-10-31T00:00:00.000000,151.0,-0.17010596902583064,-0.17010596902583064,-0.27896646022797794,-0.27896646022797794,0.6097721170022233,NaN,9.67983226805558,NaN,51.15576390462018,33.08354415410193,49.73047030794874,-16.646926153846813,180.6,338.55722272351557,22.642777276484395
Net Change SA - NFP TCH Index Index,2012-11-30T00:00:00.000000,157.0,0.03896596853338341,0.03896596853338341,0.06389887116527869,0.06389887116527869,0.6098068373163484,NaN,9.680383435955283,NaN,51.41622235865356,30.27899938365593,45.84017612309018,-15.561176739434252,177.15,333.94188351710716,20.358116482892825
Net Change SA - NFP TCH Index Index,2012-12-31T00:00:00.000000,249.0,0.4612070911163997,0.4612070911163997,0.7506888750852164,0.7506888750852164,0.6143784814501807,NaN,9.752956036720127,NaN,55.34798639077011,35.07567798933317,43.68727649633878,-8.61159850700561,173.85,320.90140526181204,26.798594738187944
Net Change SA - NFP TCH Index Index,2013-01-31T00:00:00.000000,183.0,-0.307966743623286,-0.307966743623286,-0.5440056569068314,-0.5440056569068314,0.5661094507258582,NaN,8.986708928783967,NaN,52.09111499406672,33.169079426951185,41.583637082461266,-8.41455765551008,177.65,321.31668294867006,33.98331705132995
Net Change SA - NFP TCH Index Index,2013-02-28T00:00:00.000000,288.0,0.45347432729452475,0.45347432729452475,0.8249913644785883,0.8249913644785883,0.5496716048429549,NaN,8.725766215009353,NaN,56.478747239182624,39.67337879343873,41.20158542465676,-1.5282066312180334,180.7,331.20525432338684,30.19474567661311
Net Change SA - NFP TCH Index Index,2013-03-31T00:00:00.000000,144.0,-0.6931471805599454,-0.6931471805599454,-1.4236347322157736,-1.4236347322157736,0.4868855506785208,NaN,7.72906850427661,NaN,49.74957823798305,32.83004207153087,39.52727675403159,-6.697234682500721,184.8,325.861539388796,43.73846061120403
Net Change SA - NFP TCH Index Index,2013-04-30T00:00:00.000000,184.0,0.24512245803298516,0.24512245803298516,0.5326937764233095,0.5326937764233095,0.4601564142138514,NaN,7.304756617206469,NaN,51.478951500853476,30.285205129050013,37.67886242903528,-7.393657299985264,187.4,326.2636589949785,48.536341005021484
Net Change SA - NFP TCH Index Index,2013-05-31T00:00:00.000000,222.0,0.18774162426329344,0.18774162426329344,0.4193850286657989,0.4193850286657989,0.44765933791332757,NaN,7.106371681166959,NaN,53.12923794502302,30.977595500279506,36.33860904328412,-5.361013543004617,187.55,326.5637819748365,48.53621802516352
Net Change SA - NFP TCH Index Index,2013-06-30T00:00:00.000000,184.0,-0.18774162426329344,-0.18774162426329344,-0.4176195890432955,-0.4176195890432955,0.4495517671797476,NaN,7.1364130644433255,NaN,51.25197776672961,28.135706526168406,34.698028539860985,-6.5623220136925795,186.3,324.95079193882435,47.64920806117567
Net Change SA - NFP TCH Index Index,2013-07-31T00:00:00.000000,112.0,-0.4964368863138917,-0.4964368863138917,-1.0948042539721177,-1.0948042539721177,0.453448079428576,NaN,7.198265103887254,NaN,47.8053012625465,19.844930759828713,31.727408983854534,-11.88247822402582,185.05,326.0038558312053,44.096144168794694
Net Change SA - NFP TCH Index Index,2013-08-31T00:00:00.000000,255.0,0.8227646738633316,0.8227646738633316,1.700698945225257,1.700698945225257,0.48378031642417274,NaN,7.679774438678986,NaN,54.3688608150348,24.530563070989018,30.288039801281435,-5.757476730292417,187.9,332.2211331499452,43.57886685005482
Net Change SA - NFP TCH Index Index,2013-09-30T00:00:00.000000,175.0,-0.3764775712349113,-0.3764775712349113,-0.798946570860247,-0.798946570860247,0.47121745679382276,NaN,7.480345224652672,NaN,50.539858004591316,21.54032555898084,28.53849695282132,-6.9981713938404795,178.8,299.1951389121846,58.404861087815476
Net Change SA - NFP TCH Index Index,2013-10-31T00:00:00.000000,220.0,0.2288415724288475,0.2288415724288475,0.4866314355896926,0.4866314355896926,0.47025645219886125,NaN,7.465089749650321,NaN,52.56359660541178,22.54181667568116,27.339160897393292,-4.79734422171213,176.65,292.1503303709105,61.1496696290895
Net Change SA - NFP TCH Index Index,2013-11-30T00:00:00.000000,275.0,0.2231435513142097,0.2231435513142097,0.47215587814307414,0.47215587814307414,0.47260568308882106,NaN,7.502382633892949,NaN,54.98777404956739,27.457038300723525,27.362736378059342,0.09430192266418302,178.4,298.89442004988405,57.90557995011598
Net Change SA - NFP TCH Index Index,2013-12-31T00:00:00.000000,57.0,-1.5737198298320214,-1.5737198298320214,-2.945299063278078,-2.331662857661315,0.5343158015609093,NaN,8.48200039501382,NaN,45.14084470876065,13.604781302671569,24.61114536298179,-11.006364060310222,177.4,301.70929168811153,53.09070831188846
Net Change SA - NFP TCH Index Index,2014-01-31T00:00:00.000000,188.0,1.193390694995399,1.193390694995399,2.006179519383574,2.006179519383574,0.5948573811390939,NaN,9.44306817627124,NaN,50.83806645042668,13.046975605591882,22.29831141150381,-9.251335805911928,181.4,301.37964739685515,61.42035260314489
Net Change SA - NFP TCH Index Index,2014-02-28T00:00:00.000000,151.0,-0.21916212601502494,-0.21916212601502494,-0.3699542931980919,-0.3699542931980919,0.5924032510082932,NaN,9.404110068204705,NaN,49.2813423553843,9.50969791579331,19.74058871236171,-10.2308907965684,185.0,296.0296309431335,73.97036905686653
Net Change SA - NFP TCH Index Index,2014-03-31T00:00:00.000000,273.0,0.5921919583700355,0.5921919583700355,1.0009304968255992,1.0009304968255992,0.5916414378901858,NaN,9.392016659868592,NaN,54.25534249735749,16.362147612779694,19.064900492445307,-2.7027528796656135,191.4,307.368053677227,75.43194632277299
Net Change SA - NFP TCH Index Index,2014-04-30T00:00:00.000000,312.0,0.13353139262452274,0.13353139262452274,0.22614158561035094,0.22614158561035094,0.5904769450701629,NaN,9.373530909436788,NaN,55.749331292917276,24.655523898307166,20.18302517361768,4.472498724689487,197.95,325.6494415352747,70.25055846472526
Net Change SA - NFP TCH Index Index,2014-05-31T00:00:00.000000,215.0,-0.37236515968182005,-0.37236515968182005,-0.6235199113266684,-0.6235199113266684,0.5971985062827194,NaN,9.480232385779921,NaN,51.26479070154664,23.1343170120588,20.773283541305904,2.361033470752897,199.75,327.33959700209846,72.16040299790153
Net Change SA - NFP TCH Index Index,2014-06-30T00:00:00.000000,337.0,0.4494449022246991,0.4494449022246991,0.7447972319812871,0.7447972319812871,0.6034459889560805,NaN,9.579408098623311,NaN,56.053071431187234,31.41104304691197,22.90083544242712,8.510207604484851,209.05,348.2635428983682,69.83645710163185
Net Change SA - NFP TCH Index Index,2014-07-31T00:00:00.000000,224.0,-0.408436878497322,-0.408436878497322,-0.6676775519557819,-0.6676775519557819,0.6117277378892191,NaN,9.710876787209866,NaN,51.05000935833139,28.523451842914767,24.02535872252465,4.498093120390116,212.4,349.54901615242795,75.25098384757203
Net Change SA - NFP TCH Index Index,2014-08-31T00:00:00.000000,196.0,-0.13353139262452274,-0.13353139262452274,-0.22128492644198466,-0.22128492644198466,0.6034364598238069,NaN,9.579256828338075,NaN,49.86239915913103,23.70242224613162,23.960771427246044,-0.2583491811144256,209.75,345.9663526777975,73.53364732220251
Net Change SA - NFP TCH Index Index,2014-09-30T00:00:00.000000,294.0,0.4054651081081646,0.4054651081081646,0.6689752384781928,0.6689752384781928,0.606098828157721,NaN,9.621520615398014,NaN,53.904347745465664,27.472813049265824,24.663179751650002,2.8096332976158216,215.3,355.90186417870257,74.69813582129746
Net Change SA - NFP TCH Index Index,2014-10-31T00:00:00.000000,234.0,-0.22825865198097972,-0.22825865198097972,-0.3805617023712326,-0.3805617023712326,0.5997940690267267,NaN,9.521435666977368,NaN,51.18372107815689,25.32741766084655,24.796027333489313,0.5313903273572365,212.6,349.34471027968027,75.85528972031975
Net Change SA - NFP TCH Index Index,2014-11-30T00:00:00.000000,293.0,0.22485149365936596,0.22485149365936596,0.3879562449506036,0.3879562449506036,0.5795795185304856,NaN,9.200539626109299,NaN,53.66047130985362,28.064473494297573,25.449716565650967,2.6147569286466066,220.05,357.2927354035638,82.80726459643617
Net Change SA - NFP TCH Index Index,2014-12-31T00:00:00.000000,274.0,-0.0670445026289972,-0.0670445026289972,-0.11602637522947314,-0.11602637522947314,0.5778384655764587,NaN,9.172901267294801,NaN,52.73260996913614,28.373397882393988,26.034452828999573,2.338945053394415,224.55,362.71462339504546,86.38537660495456
Net Change SA - NFP TCH Index Index,2015-01-31T00:00:00.000000,204.0,-0.2950081125438544,-0.2950081125438544,-0.50816574134922,-0.50816574134922,0.5805352241191716,NaN,9.215710981994846,NaN,49.3471345905445,22.70804350973569,25.369170965146797,-2.6611274554111084,223.65,362.11873103225946,85.18126896774055
Net Change SA - NFP TCH Index Index,2015-02-28T00:00:00.000000,259.0,0.23870806785532128,0.23870806785532128,0.4106655226707913,0.4106655226707913,0.5812712650014227,NaN,9.227395268770124,NaN,51.95700987671641,22.39805881879559,24.774948535876554,-2.3768897170809637,227.4,365.40900046926765,89.39099953073239
Net Change SA - NFP TCH Index Index,2015-03-31T00:00:00.000000,96.0,-0.9924798702317013,-0.9924798702317013,-1.6164225384056432,-1.6164225384056432,0.6139977924402321,NaN,9.74691278603705,NaN,44.61948062353482,8.897095783799273,21.5993779854611,-12.702282201661827,226.6,367.57913246106204,85.62086753893794
Net Change SA - NFP TCH Index Index,2015-04-30T00:00:00.000000,273.0,1.0451236037171237,1.0451236037171237,1.6547547750176312,1.6547547750176312,0.6315882084135325,NaN,10.026151982778236,NaN,52.46915399515003,12.337684906992479,19.747039369767375,-7.409354462774896,227.5,369.468862412632,85.53113758736797
Net Change SA - NFP TCH Index Index,2015-05-31T00:00:00.000000,342.0,0.22533894187764503,0.22533894187764503,0.3594753541678335,0.3594753541678335,0.6268550521336652,NaN,9.951015456180643,NaN,55.13863916633564,20.396976272377543,19.87702675028941,0.5199495220881332,235.85,384.31339261706376,87.38660738293623
Net Change SA - NFP TCH Index Index,2015-06-30T00:00:00.000000,171.0,-0.6931471805599445,-0.6931471805599445,-1.074043677408267,-1.074043677408267,0.6453621907002433,NaN,10.24480717294011,NaN,47.9510709062386,12.837766074062444,18.469174615044018,-5.631408540981575,233.4,384.55749889993615,82.24250110006383
Net Change SA - NFP TCH Index Index,2015-07-31T00:00:00.000000,282.0,0.5002435144354536,0.5002435144354536,0.7653531693011473,0.7653531693011473,0.6536113450633929,NaN,10.375758438768974,NaN,52.29792223435716,15.623709467700877,17.900081585575393,-2.2763721178745158,233.75,385.344854793954,82.155145206046
Net Change SA - NFP TCH Index Index,2015-08-31T00:00:00.000000,134.0,-0.7440672709872027,-0.7440672709872027,-1.3070349471392988,-1.3070349471392988,0.5692787883107022,NaN,9.037020603205812,NaN,46.697968993094264,5.8221128733412115,15.484487843128557,-9.662374969787345,237.6,373.38062802685965,101.81937197314036
Net Change SA - NFP TCH Index Index,2015-09-30T00:00:00.000000,150.0,0.1127954941453444,0.1127954941453444,0.224881631448812,0.224881631448812,0.5015771782633084,NaN,7.962290861941357,NaN,47.35427447472779,-0.6471962860384792,12.25815101729515,-12.90534730333363,235.7,375.40962367485076,95.99037632514921
Net Change SA - NFP TCH Index Index,2015-10-31T00:00:00.000000,304.0,0.7063924073099663,0.7063924073099663,1.3490996254403496,1.3490996254403496,0.5236028488847871,0.7941948084234515,8.311937543484483,12.607451733762229,53.31288176324439,6.57653239292091,11.121827292420303,-4.5452948994993925,243.35,380.2591515913881,106.44084840861191
Net Change SA - NFP TCH Index Index,2015-11-30T00:00:00.000000,229.0,-0.2833056978519819,-0.2833056978519819,-0.554400387257167,-0.554400387257167,0.5110128065631496,0.7884935199445293,8.112076817611495,12.516946584955035,50.325472421781775,6.178296658283131,10.133121165592868,-3.9548245073097377,241.15,377.46584840478306,104.83415159521698
Net Change SA - NFP TCH Index Index,2015-12-31T00:00:00.000000,269.0,0.1609893760475991,0.1609893760475991,0.3147692865272137,0.3147692865272137,0.5114519838443025,0.7863212552123637,8.119048540815895,12.482462951376396,51.87436901395618,8.98676385583721,9.903849703641738,-0.9170858478045272,239.0,371.92498874018736,106.07501125981261
Net Change SA - NFP TCH Index Index,2016-01-31T00:00:00.000000,133.0,-0.7043622513800853,-0.7043622513800853,-1.3314805455075387,-1.3314805455075387,0.5290067915424134,0.7232232926216877,8.397722473712477,11.480813847877682,46.5587528026745,0.23571378148969302,7.97022251921133,-7.734508737721637,234.9,375.76335297204275,94.03664702795723
Net Change SA - NFP TCH Index Index,2016-02-29T00:00:00.000000,197.0,0.3928546005162348,0.3928546005162348,0.7461818026573472,0.7461818026573472,0.5264864395207408,0.5719924371635569,8.35771312571837,9.080098443267067,49.19700238217074,-1.5177951232724354,6.0726189907145764,-7.590414113987012,227.9,361.10644839772897,94.69355160227101
Net Change SA - NFP TCH Index Index,2016-03-31T00:00:00.000000,255.0,0.2580598164204373,0.2580598164204373,0.49423757536150886,0.49423757536150886,0.5221371852022382,0.5729627779672825,8.28867085382638,9.095502125988885,51.53220853444308,1.7524505510395159,5.208585302779564,-3.4561347517400485,229.45,363.1857567428358,95.71424325716418
Net Change SA - NFP TCH Index Index,2016-04-30T00:00:00.000000,193.0,-0.2785733562535402,-0.2785733562535402,-0.5304314437281276,-0.5304314437281276,0.5251825840029251,0.5724240997436871,8.337015061044172,9.08695087429097,48.94238940103719,-0.6512310494401845,4.036622032335615,-4.687853081775799,229.3,363.2003557245383,95.3996442754617
Net Change SA - NFP TCH Index Index,2016-05-31T00:00:00.000000,45.0,-1.456027699134566,-1.456027699134566,-2.3953984372119126,-2.331662857661315,0.6078436374156139,0.58625726555619,9.64921860368778,9.306545573798589,43.342729550466274,-14.333303744409278,0.3626368769866364,-14.695940621395915,216.85,370.2977795624022,63.40222043759778
Net Change SA - NFP TCH Index Index,2016-06-30T00:00:00.000000,246.0,1.6986690461620428,1.6986690461620428,2.3380199987064483,2.3380199987064483,0.726541709267612,0.619052637894165,11.533492079027358,9.827155969958882,51.46456891014052,-8.85534584167101,-1.480959666744893,-7.3743861749261175,217.45,371.2735147310401,63.62648526895984
Net Change SA - NFP TCH Index Index,2016-07-31T00:00:00.000000,374.0,0.41892426148216977,0.41892426148216977,0.5731227334256015,0.5731227334256015,0.7309503480663297,0.5972790893687208,11.603477050317665,9.481511602612548,55.80898414757812,5.748243350977731,-0.03511906320036817,5.783362414178099,221.5,387.48351218054603,55.51648781945397
Net Change SA - NFP TCH Index Index,2016-08-31T00:00:00.000000,142.0,-0.9684287398132714,-0.9684287398132714,-1.268951153604273,-1.268951153604273,0.7631725910509549,0.6032167396836636,12.114989300049748,9.575768879244967,47.50845070927637,-1.3828277186106277,-0.3046607942824201,-1.0781669243282077,214.9,382.5825321223036,47.217467877696436
Net Change SA - NFP TCH Index Index,2016-09-30T00:00:00.000000,305.0,0.764484719006151,0.764484719006151,0.9793659966179515,0.9793659966179515,0.7805914455332829,0.607784858883827,12.391505042552923,9.648285523422556,52.818053607946176,6.048758511411165,0.966023066856297,5.082735444554868,219.95,392.2697456382817,47.6302543617183
Net Change SA - NFP TCH Index Index,2016-10-31T00:00:00.000000,99.0,-1.125191926472822,-1.125191926472822,-1.373666866959607,-1.373666866959607,0.8191155756440827,0.6250578183826156,13.003056649042552,9.922485254861868,46.42654581502225,-4.63075379853089,-0.15333230622114036,-4.477421492309749,211.95,391.3472070427431,32.552792957256884
Net Change SA - NFP TCH Index Index,2016-11-30T00:00:00.000000,117.0,0.1670540846631665,0.1670540846631665,0.21166325404138733,0.21166325404138733,0.7892446207526498,0.6231352449529916,12.528869940641993,9.891965347829593,47.02972057731827,-11.509223513744388,-2.42451054772579,-9.084712966018598,213.0,389.7662744685017,36.233725531498266
Net Change SA - NFP TCH Index Index,2016-12-31T00:00:00.000000,225.0,0.6539264674066638,0.6539264674066638,0.852837599372453,0.852837599372453,0.7667655224017389,0.6270955694605304,12.17202531704116,9.954833550377966,50.62194472752924,-8.151794105279237,-3.5699672592364795,-4.581826846042757,210.6,385.22669959237714,35.97330040762287
Net Change SA - NFP TCH Index Index,2017-01-31T00:00:00.000000,220.0,-0.02247285585205816,-0.02247285585205816,-0.029385205564183906,-0.029385205564183906,0.7647676924693408,0.6223394940423711,12.140310750063602,9.879333193739264,50.451362024503815,-5.827291929356079,-4.0214321932604,-1.8058597360956794,204.5,367.96704158395517,41.032958416044835
Net Change SA - NFP TCH Index Index,2017-02-28T00:00:00.000000,220.0,0.0,0.0,0.0,0.0,0.7482832164823318,0.6211126554809603,11.87862780633455,9.859857735345361,50.451362024503815,-3.9396928806486926,-4.005084330738058,0.06539145008936575,206.95,369.77050174800985,44.12949825199013
Net Change SA - NFP TCH Index Index,2017-03-31T00:00:00.000000,121.0,-0.5978370007556206,-0.5978370007556206,-0.7961603697624774,-0.7961603697624774,0.7509002249559048,0.6257581601076757,11.920171527934688,9.933602835085495,46.827809456664056,-10.31334384954576,-5.266736234499598,-5.046607615046161,198.9,362.01687769655746,35.78312230344255
Net Change SA - NFP TCH Index Index,2017-04-30T00:00:00.000000,205.0,0.5272194335416671,0.5272194335416671,0.710418219050837,0.710418219050837,0.7421254402034693,0.6117525450314555,11.780876138356293,9.71127058838444,50.102492689666434,-8.48855935110845,-5.911100857821369,-2.5774584932870805,202.45,362.68466344215614,42.21533655784384
Net Change SA - NFP TCH Index Index,2017-05-31T00:00:00.000000,206.0,0.004866189651172803,0.004866189651172803,0.00655982377251696,0.00655982377251696,0.7418171310577264,0.6102905622420374,11.775981882396918,9.688062331093299,50.141859136831165,-6.882377087647825,-6.10535610378666,-0.7770209838611652,205.25,363.5712922475918,46.9287077524082
Net Change SA - NFP TCH Index Index,2017-06-30T00:00:00.000000,203.0,-0.014670189747794105,-0.014670189747794105,-0.020268473658458325,-0.020268473658458325,0.7237935127725823,0.6088245007740591,11.489865812148631,9.664789326787272,50.014377340236464,-5.784856771971818,-6.041256237423692,0.2563994654518744,200.2,351.5484651218401,48.851534878159924
Net Change SA - NFP TCH Index Index,2017-07-31T00:00:00.000000,189.0,-0.07145896398214457,-0.07145896398214457,-0.09907159467647779,-0.09907159467647779,0.7212860983564123,0.6039327811681584,11.450061842274847,9.587135685423238,49.383390773639775,-5.975861005878386,-6.028177191114631,0.05231618523624526,198.2,349.00220576356924,47.39779423643071
Net Change SA - NFP TCH Index Index,2017-08-31T00:00:00.000000,147.0,-0.25131442828090655,-0.25131442828090655,-0.34805897110074685,-0.34805897110074685,0.7220455415532523,0.6041352196257628,11.462117629277158,9.590349296310938,47.44936785598613,-9.407834567988942,-6.704108666489494,-2.703725901499448,192.1,340.6975136152405,43.50248638475949
Net Change SA - NFP TCH Index Index,2017-09-30T00:00:00.000000,88.0,-0.5130957723005292,-0.5130957723005292,-0.718755433752072,-0.718755433752072,0.7138669820164683,0.6077081836432006,11.33228702157476,9.647068341712073,44.79536610660704,-16.69604366003577,-8.70249566519875,-7.993547994837019,189.85,343.4924763088508,36.20752369114916
Net Change SA - NFP TCH Index Index,2017-10-31T00:00:00.000000,143.0,0.4855078157817001,0.4855078157817001,0.6771515153558622,0.6771515153558622,0.7169854969999618,0.6107009058738793,11.381791912211677,9.694576334304896,47.73041401945735,-17.82844629728004,-10.527685791615008,-7.30076050566503,187.15,342.15529702324096,32.14470297675905
Net Change SA - NFP TCH Index Index,2017-11-30T00:00:00.000000,223.0,0.4443271412002119,0.4443271412002119,0.6154748143549272,0.6154748143549272,0.7219257893857225,0.613385787774937,11.46021662255169,9.737197513163558,51.748869276938585,-12.130716781761691,-10.848291989644345,-1.2824247921173466,185.55,338.2498776410084,32.85012235899157
Net Change SA - NFP TCH Index Index,2017-12-31T00:00:00.000000,150.0,-0.3965364773638633,-0.3965364773638633,-0.547142882386362,-0.547142882386362,0.72474026461675,0.6125880907508561,11.504895031746388,9.724534465479792,48.113919842120964,-13.351803722232944,-11.348994336162065,-2.0028093860708793,183.4,336.86715746716834,29.9328425328317
Net Change SA - NFP TCH Index Index,2018-01-31T00:00:00.000000,137.0,-0.09065436826813045,-0.09065436826813045,-0.14140486588423273,-0.14140486588423273,0.6410979403095548,0.6114285141393772,10.17711429656888,9.70612675743919,47.47438816461277,-15.193375499271866,-12.117870568784026,-3.07550493048784,188.0,329.00989140370336,46.990108596296665
Net Change SA - NFP TCH Index Index,2018-02-28T00:00:00.000000,394.0,1.0563699834698088,1.0563699834698088,1.865813698273776,1.865813698273776,0.5661712015766349,0.6239144256019109,8.987689193150379,9.9043344571702,59.05988854260562,4.038365991643758,-8.886623256698469,12.924989248342227,195.4,362.369773501547,28.430226498453038
Net Change SA - NFP TCH Index Index,2018-03-31T00:00:00.000000,226.0,-0.5558159100256477,-0.5558159100256477,-0.9712538713317823,-0.9712538713317823,0.5722663522190274,0.6215564496829177,9.084446709969857,9.86690274989539,51.12188360419833,5.6582390572711745,-5.977650793904541,11.635889851175715,188.0,333.3619801157025,42.63801988429748
Net Change SA - NFP TCH Index Index,2018-04-30T00:00:00.000000,142.0,-0.46470794167102536,-0.46470794167102536,-0.8627004664886304,-0.8627004664886304,0.5386666168878788,0.6237088102482077,8.551067447146997,9.901070414620389,47.6717602886643,0.16203431886222575,-4.749713771351187,4.911748090213413,188.0,333.3619801157025,42.63801988429748
Net Change SA - NFP TCH Index Index,2018-05-31T00:00:00.000000,318.0,0.8062243251789161,0.8062243251789161,1.4878946152234171,1.4878946152234171,0.5418557987440906,0.6319926158746767,8.601694139610773,10.032571752201397,54.58725964806191,9.893930500235712,-1.8209849170338073,11.71491541726952,188.65,336.3128806294577,40.9871193705423
Net Change SA - NFP TCH Index Index,2018-06-30T00:00:00.000000,219.0,-0.37297965296367597,-0.37297965296367597,-0.773289888745527,-0.773289888745527,0.4823283717943654,0.6334059042705924,7.656725532231549,10.055007009959835,50.54113187084738,9.508448243474334,0.44490171506782095,9.063546528406512,194.65,336.6170458425587,52.682954157441344
Net Change SA - NFP TCH Index Index,2018-07-31T00:00:00.000000,61.0,-1.2781978656431896,-1.2781978656431896,-2.2677083135953398,-2.2677083135953398,0.5636517968294916,0.6516299180498295,8.947694882673238,10.34430426005549,44.82998335006209,-3.5059147581874015,-0.34526157958322357,-3.160653178604178,191.85,342.22535492367444,41.47464507632557
Net Change SA - NFP TCH Index Index,2018-08-31T00:00:00.000000,259.0,1.445954197526226,1.445954197526226,2.2684531349817694,2.2684531349817694,0.6374185894467891,0.6698426670840657,10.118706412354706,10.633422687868014,52.13015830580553,2.132472232056955,0.15028518274481212,1.9821870493121427,193.55,346.25401366523965,40.8459863347604
Net Change SA - NFP TCH Index Index,2018-09-30T00:00:00.000000,79.0,-1.1873802092325159,-1.1873802092325159,-1.7178282291235767,-1.7178282291235767,0.6912100925470928,0.6855686795103835,10.972620051465286,10.883065395836503,46.1514483318387,-7.83326414005424,-1.4464246818149984,-6.386839458239241,186.5,346.88834450368137,26.111655496318633
Net Change SA - NFP TCH Index Index,2018-10-31T00:00:00.000000,168.0,0.7545161269362373,0.7545161269362373,1.0562199031976873,1.0562199031976873,0.7143551495781824,0.6920433672102363,11.340036441373307,10.98584787666022,49.250658571992865,-8.452194184984052,-2.847578582448809,-5.604615602535242,183.9,343.686568172738,24.11343182726199
Net Change SA - NFP TCH Index Index,2018-11-30T00:00:00.000000,91.0,-0.613104472886409,-0.613104472886409,-0.8574644104510507,-0.8574644104510507,0.715020315028467,0.6957918220783208,11.350595615546299,11.045352752950427,46.74403778018444,-14.983239728048886,-5.274710811568825,-9.708528916480061,182.4,345.20747428853053,19.592525711469506
Net Change SA - NFP TCH Index Index,2018-12-31T00:00:00.000000,192.0,0.7466358655109318,0.7466358655109318,1.029311844070351,1.029311844070351,0.7253738211720228,0.6719579675557928,11.514952430266867,10.667002041846219,50.31601246001222,-11.872426524147556,-6.5942539540845715,-5.278172570062985,181.75,344.28113062134474,19.218869378655256
Net Change SA - NFP TCH Index Index,2019-01-31T00:00:00.000000,250.0,0.2639655458344645,0.2639655458344645,0.36267152370079575,0.36267152370079575,0.7278364265848352,0.6549530565312561,11.554045079264366,10.397057448019991,52.29479121921719,-4.673100777226068,-6.210023318712872,1.5369225414868035,183.95,349.03431657473516,18.865683425264848
Net Change SA - NFP TCH Index Index,2019-02-28T00:00:00.000000,6.0,-3.729701448634191,-2.364888976330201,-3.363860185779586,-2.331662857661315,1.1087563818499848,0.8130236718032425,17.600961905584978,12.906350673599858,44.30118648481386,-18.443736151834855,-8.656765885337268,-9.786970266497587,174.1,356.9509890881816,-8.750989088181626
Net Change SA - NFP TCH Index Index,2019-03-31T00:00:00.000000,230.0,3.6463198396951406,3.6463198396951406,2.6036013397251025,2.6036013397251025,1.400490844762022,0.9398639382768138,22.232102931978453,14.919877481509259,51.61344905335818,-11.153564594598606,-9.156125627189535,-1.997438967409071,176.15,360.61654239497716,-8.31654239497712
Net Change SA - NFP TCH Index Index,2019-04-30T00:00:00.000000,298.0,0.259014177582209,0.259014177582209,0.18499272682552964,0.18499272682552964,1.40013168099571,0.940312076745078,22.226401383944815,14.92699145914895,53.60469737707287,0.10971585160757513,-7.302957331430113,7.412673183037688,183.7,375.36319142539713,-7.963191425397156
Net Change SA - NFP TCH Index Index,2019-05-31T00:00:00.000000,28.0,-2.364888976330201,-2.364888976330201,-1.580556584154691,-1.580556584154691,1.49623809741363,0.9876512711009766,23.752043447381403,15.67847787234011,45.58336246438983,-12.605488537850334,-8.363463572714158,-4.242024965136176,180.7,380.3809033380377,-18.980903338037677
Net Change SA - NFP TCH Index Index,2019-06-30T00:00:00.000000,218.0,2.052290552613885,2.052290552613885,1.3108971147117086,1.3108971147117086,1.565561880930086,1.0220271812832606,24.85252439414113,16.22417852894301,51.12576762838335,-7.267195811210797,-8.144210020413485,0.877014209202688,184.45,383.966758298909,-15.06675829890898
Net Change SA - NFP TCH Index Index,2019-07-31T00:00:00.000000,97.0,-0.809784084285706,-0.809784084285706,-0.5148625327014272,-0.5148625327014272,1.5728161069263629,1.0260030356308143,24.96768166178358,16.28729326005886,47.787671132122725,-12.654377340923872,-9.046243484515564,-3.6081338564083083,178.15,380.4788360435478,-24.17883604354779
Net Change SA - NFP TCH Index Index,2019-08-31T00:00:00.000000,235.0,0.8848745356407761,0.8848745356407761,0.5587528939624756,0.5587528939624756,1.5836598704045406,1.0323951853617954,25.13982107041916,16.38876549124645,51.66389702059121,-5.722347173708499,-8.381464222354152,2.659117048645653,182.4,385.8071881977781,-21.007188197778078
Net Change SA - NFP TCH Index Index,2019-09-30T00:00:00.000000,194.0,-0.19172735508083072,-0.19172735508083072,-0.12102464238214464,-0.12102464238214464,1.5842009635974532,1.0313277207291704,25.148410658566497,16.371820015538752,50.465178324722416,-3.4967127444234336,-7.404513926768009,3.907801182344575,185.25,387.57321718113894,-17.073217181138943
Net Change SA - NFP TCH Index Index,2019-10-31T00:00:00.000000,95.0,-0.7139812674627875,-0.7139812674627875,-0.45403961221217926,-0.45403961221217926,1.5725087597183782,1.0349943049816468,24.962802676112716,16.43002523609746,47.59363724103721,-9.610569385360492,-7.845725018486506,-1.7648443668739855,170.3,350.6728302564908,-10.07283025649079
Net Change SA - NFP TCH Index Index,2019-11-30T00:00:00.000000,208.0,0.7836611881007771,0.7836611881007771,0.49621143206555407,0.49621143206555407,1.57928886248886,1.0396930190187892,25.070433470877642,16.504615009041984,51.01953249418767,-5.27686083469456,-7.331952181728117,2.0550913470335574,169.4,348.7795153475329,-9.979515347532868
Net Change SA - NFP TCH Index Index,2019-12-31T00:00:00.000000,127.0,-0.4933509932427267,-0.4933509932427267,-0.31229857507623615,-0.31229857507623615,1.579741416118512,1.041574225990904,25.077617537031518,16.534478243919125,48.56857015282087,-8.282908427936974,-7.522143430969889,-0.7607649969670849,168.65,348.6362860272825,-11.336286027282455
Net Change SA - NFP TCH Index Index,2020-01-31T00:00:00.000000,236.0,0.6196447185670193,0.6196447185670193,0.3933653846319799,0.3933653846319799,1.5752395680335196,1.0440644636957284,25.006152914193024,16.574009541953533,51.91611119476143,-1.848525107224475,-6.387419766220807,4.538894658996332,164.55,333.61613467734117,-4.516134677341114
Net Change SA - NFP TCH Index Index,2020-02-29T00:00:00.000000,261.0,0.10068860229708321,0.10068860229708321,0.06400518024958167,0.06400518024958167,1.5731320793794856,1.0436870365792006,24.97269756897624,16.568018072223225,52.67690789432182,5.20802621364399,-4.0683305702478485,9.276356783891838,166.65,339.5634556877941,-6.2634556877941066
Net Change SA - NFP TCH Index Index,2020-03-31T00:00:00.000000,-1397.0,NaN,NaN,NaN,NaN,NaN,NaN,NaN,NaN,24.730344716501136,-121.5847956997912,-27.57162359615652,-94.01317210363467,93.75,814.7977391305399,-627.2977391305399
Net Change SA - NFP TCH Index Index,2020-04-30T00:00:00.000000,-20471.0,NaN,NaN,NaN,NaN,NaN,NaN,NaN,NaN,3.265682706071402,-1741.1109690427988,-370.279492685485,-1370.831476357314,-942.75,8278.10236098908,-10163.60236098908
Net Change SA - NFP TCH Index Index,2020-05-31T00:00:00.000000,2616.0,NaN,NaN,NaN,NaN,NaN,NaN,NaN,NaN,54.61399916499688,-1148.4307804193108,-525.9097502322502,-622.5210301870607,-815.9,8533.048399067195,-10164.848399067194
Net Change SA - NFP TCH Index Index,2020-06-30T00:00:00.000000,4631.0,0.5711263939036622,0.5711263939036622,NaN,NaN,NaN,NaN,NaN,NaN,56.77082376756678,-510.2519342850187,-522.7781870428039,12.526252757785187,-592.75,9063.098663947289,-10248.598663947289
Net Change SA - NFP TCH Index Index,2020-07-31T00:00:00.000000,1584.0,-1.0728195341063804,-1.0728195341063804,NaN,NaN,NaN,NaN,NaN,NaN,52.69300460566443,-247.5049530198612,-467.7235402382154,220.21858721835417,-518.1,9182.98499412091,-10219.184994120911
Net Change SA - NFP TCH Index Index,2020-08-31T00:00:00.000000,1564.0,-0.012706651269114744,-0.012706651269114744,NaN,NaN,NaN,NaN,NaN,NaN,52.66626361455074,-40.42392834750285,-382.2636178600729,341.83968951257003,-449.5,9292.047126665899,-10191.047126665899
Net Change SA - NFP TCH Index Index,2020-09-30T00:00:00.000000,951.0,-0.4974878585598663,-0.4974878585598663,NaN,NaN,NaN,NaN,NaN,NaN,51.79858755205798,73.37942634847587,-291.1350090183631,364.514435366839,-414.45,9342.726003763642,-10171.626003763644
Net Change SA - NFP TCH Index Index,2020-10-31T00:00:00.000000,691.0,-0.3193742387777201,-0.3193742387777201,NaN,NaN,NaN,NaN,NaN,NaN,51.4117001127919,140.96462531143953,-204.7150821524026,345.67970746384213,-380.2,9387.99303658563,-10148.393036585632
Net Change SA - NFP TCH Index Index,2020-11-30T00:00:00.000000,270.0,-0.9397178647692952,-0.9397178647692952,NaN,NaN,NaN,NaN,NaN,NaN,50.75069902789211,158.72551195978502,-132.0269633299651,290.7524752897501,-378.2,9390.53544798054,-10146.93544798054
Net Change SA - NFP TCH Index Index,2020-12-31T00:00:00.000000,-183.0,NaN,NaN,NaN,NaN,NaN,NaN,NaN,NaN,50.00569188468055,134.69514666193845,-78.68254133158439,213.37768799352284,-402.25,9361.843207149077,-10166.343207149077
Net Change SA - NFP TCH Index Index,2021-01-31T00:00:00.000000,365.0,NaN,NaN,NaN,NaN,NaN,NaN,NaN,NaN,50.943856082626446,158.04804967175173,-31.33642313091717,189.38447280266888,-385.4,9382.98165554669,-10153.781655546689
Net Change SA - NFP TCH Index Index,2021-02-28T00:00:00.000000,509.0,0.33255066296803104,0.33255066296803104,NaN,NaN,NaN,NaN,NaN,NaN,51.2029863565807,186.03054576580195,12.136970648426654,173.8935751173753,-370.85,9402.181707068612,-10143.881707068613
Net Change SA - NFP TCH Index Index,2021-03-31T00:00:00.000000,824.0,0.48172251335894956,0.48172251335894956,NaN,NaN,NaN,NaN,NaN,NaN,51.802749475129595,230.96235272534787,55.9020470638109,175.06030566153697,-334.5,9451.258319861412,-10120.258319861412
Net Change SA - NFP TCH Index Index,2021-04-30T00:00:00.000000,365.0,-0.8142731763269806,-0.8142731763269806,NaN,NaN,NaN,NaN,NaN,NaN,50.82251609175209,226.91790116686846,90.10521788442242,136.81268328244605,-328.0,9459.523615619826,-10115.523615619826
Net Change SA - NFP TCH Index Index,2021-05-31T00:00:00.000000,421.0,0.14273548009988968,0.14273548009988968,NaN,NaN,NaN,NaN,NaN,NaN,50.94447811023431,225.63044879293878,117.21026406612569,108.42018472681309,-316.65,9473.948374810505,-10107.248374810504
Net Change SA - NFP TCH Index Index,2021-06-30T00:00:00.000000,796.0,0.6369663521620019,0.6369663521620019,NaN,NaN,NaN,NaN,NaN,NaN,51.80641497610944,251.96500378438492,144.16121200977756,107.80379177460736,-281.6,9520.21608092146,-10083.41608092146
Net Change SA - NFP TCH Index Index,2021-07-31T00:00:00.000000,931.0,0.1566600914326841,0.1566600914326841,NaN,NaN,NaN,NaN,NaN,NaN,52.13248853980247,280.4953246035021,171.42803452852246,109.06729007497967,-245.45,9569.293441964182,-10060.193441964184
Net Change SA - NFP TCH Index Index,2021-08-31T00:00:00.000000,487.0,-0.6479951541944775,-0.6479951541944775,NaN,NaN,NaN,NaN,NaN,NaN,50.91242067739498,264.2328087255626,189.9889893679305,74.24381935763213,-227.45,9591.489067461735,-10046.389067461736
Net Change SA - NFP TCH Index Index,2021-09-30T00:00:00.000000,466.0,-0.044078488956944106,-0.044078488956944106,NaN,NaN,NaN,NaN,NaN,NaN,50.85180249770726,246.80510758215627,201.35221301077567,45.4528945713806,-215.95,9605.812870493795,-10037.712870493797
Net Change SA - NFP TCH Index Index,2021-10-31T00:00:00.000000,857.0,0.6092522844721344,0.6092522844721344,NaN,NaN,NaN,NaN,NaN,NaN,51.99779680761863,261.5292151469273,213.387613438006,48.141601708921286,-186.15,9645.31776588211,-10017.617765882109
Net Change SA - NFP TCH Index Index,2021-11-30T00:00:00.000000,637.0,-0.2966682630256168,-0.2966682630256168,NaN,NaN,NaN,NaN,NaN,NaN,51.2733653566726,252.53494939115615,221.21708062863604,31.317868762520106,-84.45,9736.354050585674,-9905.254050585676
Net Change SA - NFP TCH Index Index,2021-12-31T00:00:00.000000,575.0,-0.10239961477481252,-0.10239961477481252,NaN,NaN,NaN,NaN,NaN,NaN,51.057478892843946,237.66439987434222,224.50654447777728,13.15785539656494,967.85,3060.728176855474,-1125.0281768554742
Net Change SA - NFP TCH Index Index,2022-01-31T00:00:00.000000,225.0,-0.9382696385929306,-0.9382696385929306,NaN,NaN,NaN,NaN,NaN,NaN,49.78316295940591,195.38503031131887,218.6822416444856,-23.29721133316673,848.3,2814.0726055783016,-1117.472605578302
Net Change SA - NFP TCH Index Index,2022-02-28T00:00:00.000000,869.0,1.351242723060972,1.351242723060972,NaN,NaN,NaN,NaN,NaN,NaN,52.149656446144256,211.40677745924853,217.2271488074382,-5.820371348189667,660.2,1498.647336952122,-178.24733695212194
Net Change SA - NFP TCH Index Index,2022-03-31T00:00:00.000000,471.0,-0.6124850312489745,-0.6124850312489745,NaN,NaN,NaN,NaN,NaN,NaN,50.563751565421725,189.80094656421625,211.74190835879384,-21.94096179457759,604.55,1324.1511980329983,-115.05119803299829
Net Change SA - NFP TCH Index Index,2022-04-30T00:00:00.000000,305.0,-0.43454631740900584,-0.43454631740900584,NaN,NaN,NaN,NaN,NaN,NaN,49.882382253748105,157.46816228390065,200.8871591438152,-43.41899685991456,541.6,1112.7677419757565,-29.56774197575635
Net Change SA - NFP TCH Index Index,2022-05-31T00:00:00.000000,241.0,-0.23551484311675708,-0.23551484311675708,NaN,NaN,NaN,NaN,NaN,NaN,49.60484330944203,125.23628671061755,185.7569846571757,-60.52069794655816,506.1,1058.0633473720018,-45.86334737200184
Net Change SA - NFP TCH Index Index,2022-06-30T00:00:00.000000,461.0,0.6486011095059938,0.6486011095059938,NaN,NaN,NaN,NaN,NaN,NaN,50.62188474082918,116.10605614225472,171.82679895419153,-55.720742811936816,494.6,1039.8865591401895,-50.6865591401895
Net Change SA - NFP TCH Index Index,2022-07-31T00:00:00.000000,696.0,0.4119516173377713,0.4119516173377713,NaN,NaN,NaN,NaN,NaN,NaN,51.74221759251152,126.37603440188786,162.7366460437308,-36.36061164184292,515.9,1057.5147008811027,-25.71470088110277
Net Change SA - NFP TCH Index Index,2022-08-31T00:00:00.000000,237.0,-1.0772895191992884,-1.0772895191992884,NaN,NaN,NaN,NaN,NaN,NaN,49.38532399876976,96.36674632152193,149.462666099289,-53.09591977776708,536.9,989.7040821835701,84.09591781642985
Net Change SA - NFP TCH Index Index,2022-09-30T00:00:00.000000,227.0,-0.04311012365372857,-0.04311012365372857,-0.069008081179509,-0.069008081179509,0.6247112355085962,NaN,9.916983422301891,NaN,49.3326008974674,70.95927849420929,133.76198857827308,-62.80271008406379,530.0,997.7912264877863,62.208773512213725
Net Change SA - NFP TCH Index Index,2022-10-31T00:00:00.000000,400.0,0.5665145296265788,0.5665145296265788,0.8937562793001629,0.8937562793001629,0.6338579574178501,NaN,10.062183131202003,NaN,50.32071961070761,64.04505978626685,119.81860281987184,-55.773543033604994,524.55,995.8976647365844,53.20233526341559
Net Change SA - NFP TCH Index Index,2022-11-30T00:00:00.000000,297.0,-0.2977324083052819,-0.2977324083052819,-0.4757538595325564,-0.4757538595325564,0.6258118611960682,NaN,9.934455313435615,NaN,49.699269424541235,49.681554419231986,105.79119313974388,-56.109638720511896,498.2,957.8390345752449,38.56096542475507
Net Change SA - NFP TCH Index Index,2022-12-31T00:00:00.000000,126.0,-0.8574502318512218,-0.8574502318512218,-1.3639517385347328,-1.3639517385347328,0.6286514453747198,NaN,9.97953231481689,NaN,48.625606201889966,24.220898596976895,89.47713423119049,-65.2562356342136,486.25,972.1474875640464,0.3525124359535994
Net Change SA - NFP TCH Index Index,2023-01-31T00:00:00.000000,444.0,1.2595426554807467,1.2595426554807467,1.8168633327299666,1.8168633327299666,0.693251183394292,NaN,11.005021364175162,NaN,50.75612789223162,29.36459105991696,77.45462559693578,-48.09003453701882,487.4,972.7558217269168,2.0441782730832188
Net Change SA - NFP TCH Index Index,2023-02-28T00:00:00.000000,306.0,-0.372239460479844,-0.372239460479844,-0.5463849668890594,-0.5463849668890594,0.6812769073776975,NaN,10.814935625355437,NaN,49.791126692691805,22.051363319372342,66.3739731414231,-44.32260982205075,462.9,931.8575898230367,-6.057589823036835
Net Change SA - NFP TCH Index Index,2023-03-31T00:00:00.000000,85.0,-1.280933845462064,-1.280933845462064,-1.74875487372038,-1.74875487372038,0.7324833598530294,NaN,11.627812857984893,NaN,48.210325325130796,-1.5593007317024785,52.78731836679798,-54.34661909850046,420.6,863.6826939570203,-22.482693957020274
Net Change SA - NFP TCH Index Index,2023-04-30T00:00:00.000000,216.0,0.9326271511938486,0.9326271511938486,1.2314675484944733,1.2314675484944733,0.7573298641397648,NaN,12.022238885736906,NaN,49.23909559642692,-9.589771988451105,40.31190029574817,-49.90167228419927,407.05,858.0864555227507,-43.9864555227507
Net Change SA - NFP TCH Index Index,2023-05-31T00:00:00.000000,227.0,0.049671609797237615,0.049671609797237615,0.06556463384249127,0.06556463384249127,0.7575976084388095,NaN,12.026489194718271,NaN,49.33011442030012,-14.894673719653554,29.270585492667824,-44.165259212321374,395.1,852.1840761080821,-61.98407610808198
Net Change SA - NFP TCH Index Index,2023-06-30T00:00:00.000000,257.0,0.12412606741381715,0.12412606741381715,0.16695120635912505,0.16695120635912505,0.7434870949468452,NaN,11.802491737291318,NaN,49.59556511785723,-16.488033495157993,20.11886169510266,-36.60689519026065,365.1,770.3595789315652,-40.159578931565136
Net Change SA - NFP TCH Index Index,2023-07-31T00:00:00.000000,148.0,-0.5518638111311054,-0.5518638111311054,-0.735896269444009,-0.735896269444009,0.7499206532845377,NaN,11.90462130973188,NaN,48.599347287592764,-26.243651171178158,10.846359121846495,-37.090010293024655,340.65,735.7154975677084,-54.415497567708485
Net Change SA - NFP TCH Index Index,2023-08-31T00:00:00.000000,157.0,0.059033531584193,0.059033531584193,0.07866355857529445,0.07866355857529445,0.7504558991910827,NaN,11.91311807508578,NaN,48.6909916561437,-32.869919707419854,2.103103355993226,-34.97302306341308,319.75,706.7589758241029,-67.25897582410289
Net Change SA - NFP TCH Index Index,2023-09-30T00:00:00.000000,158.0,0.006349227678659197,0.006349227678659197,0.0087966981062453,0.0087966981062453,0.7217739658647035,NaN,11.457806498872971,NaN,48.70193576238215,-37.60708258102895,-5.838933831411209,-31.768148749617737,316.4,707.9950647503645,-75.19506475036445
Net Change SA - NFP TCH Index Index,2023-10-31T00:00:00.000000,186.0,0.16315164068623478,0.16315164068623478,0.2516478808726877,0.2516478808726877,0.6483330601491357,NaN,10.291968263376564,NaN,49.02976375951415,-38.656345999599864,-12.402416265048942,-26.253929734550923,282.25,578.4397507022359,-13.93975070223587
Net Change SA - NFP TCH Index Index,2023-11-30T00:00:00.000000,141.0,-0.27698678333503324,-0.27698678333503324,-0.4341424028888132,-0.4341424028888132,0.638009053001836,NaN,10.128079730704112,NaN,48.49339091474939,-42.62763390874113,-18.44745979378738,-24.18017411495375,265.75,554.3363001453447,-22.836300145344637
Net Change SA - NFP TCH Index Index,2023-12-31T00:00:00.000000,269.0,0.6459514892236706,0.6459514892236706,0.9933432683796214,0.9933432683796214,0.6502802301941109,NaN,10.322878629572715,NaN,50.16346955178205,-35.04243060212829,-21.766453955455564,-13.275976646672728,263.95,551.9540021651746,-24.05400216517461
Net Change SA - NFP TCH Index Index,2024-01-31T00:00:00.000000,119.0,-0.8155878864903094,-0.8155878864903094,-1.2108579282532206,-1.2108579282532206,0.6735619988604887,NaN,10.692465249410546,NaN,48.19145562075814,-40.66607552598285,-25.54637826956102,-15.119697256421826,257.85,552.9804974520862,-37.28049745208608
Net Change SA - NFP TCH Index Index,2024-02-29T00:00:00.000000,222.0,0.6235538887607497,0.6235538887607497,0.9275686795416699,0.9275686795416699,0.6722455194033288,NaN,10.671566785911923,NaN,49.65501149407311,-36.39210986204006,-27.71552458805683,-8.676585273983228,245.9,525.3331856869507,-33.53318568695076
Net Change SA - NFP TCH Index Index,2024-03-31T00:00:00.000000,246.0,0.10265415406008316,0.10265415406008316,0.15438974036959618,0.15438974036959618,0.6649026924608958,NaN,10.55500302185275,NaN,50.009380018093175,-30.71430645169127,-28.315280960783717,-2.3990254909075546,223.4,405.88506788227903,40.91493211772095
Net Change SA - NFP TCH Index Index,2024-04-30T00:00:00.000000,118.0,-0.7346469114666974,-0.7346469114666974,-1.1459485500440545,-1.1459485500440545,0.6410819329004386,NaN,10.176860186826945,NaN,48.06616104484762,-36.12669060082891,-29.87756288879276,-6.249127712036149,217.45,405.73586888307,29.16413111692998
Net Change SA - NFP TCH Index Index,2024-05-31T00:00:00.000000,193.0,0.4920055644392205,0.4920055644392205,0.7548448379852187,0.7548448379852187,0.6517969517450086,NaN,10.346955837763563,NaN,49.309062152668936,-33.97255635185323,-30.696561581404854,-3.2759947704483743,215.75,404.28660820004944,27.213391799950557
Net Change SA - NFP TCH Index Index,2024-06-30T00:00:00.000000,87.0,-0.7967820702503019,-0.7967820702503019,-1.2076527837042246,-1.2076527837042246,0.659777446797529,NaN,10.473642269252464,NaN,47.57604150191395,-40.353533149928126,-32.62795589510951,-7.725577254818617,200.1,375.7634341724628,24.43656582753721
Net Change SA - NFP TCH Index Index,2024-07-31T00:00:00.000000,88.0,0.011428695823623158,0.011428695823623158,0.017370554831445034,0.017370554831445034,0.6579349902476558,NaN,10.444394178258024,NaN,47.59475394868234,-44.8132325427226,-35.06501122463213,-9.748221318090472,189.65,365.90731787719665,13.392682122803336
Net Change SA - NFP TCH Index Index,2024-08-31T00:00:00.000000,71.0,-0.2146569374368914,-0.2146569374368914,-0.33955710473159323,-0.33955710473159323,0.6321674158653503,NaN,10.03534661602839,NaN,47.285749558828506,-49.15273226593513,-37.88255543289273,-11.270176833042399,186.9,368.9594466246208,4.840553375379187
Net Change SA - NFP TCH Index Index,2024-09-30T00:00:00.000000,240.0,1.2179590463006758,1.2179590463006758,1.940165105539016,1.940165105539016,0.6277605152383682,NaN,9.965389237358973,NaN,50.71163208936706,-38.51099863294283,-38.00824407290275,-0.5027545600400813,176.7,315.93112174782584,37.468878252174164
Net Change SA - NFP TCH Index Index,2024-10-31T00:00:00.000000,44.0,-1.6964492894237302,-1.6964492894237302,-2.331662857661315,-2.331662857661315,0.7275705764448676,NaN,11.54982483912617,NaN,46.90437798915226,-45.36991389332846,-39.48057803698789,-5.889335856340566,163.6,300.8962988729504,26.303701127049578
Net Change SA - NFP TCH Index Index,2024-11-30T00:00:00.000000,261.0,1.7803307734044327,1.7803307734044327,2.2676018417378265,2.2676018417378265,0.7851161260479649,NaN,12.463332118976133,NaN,51.26670664999263,-32.91613053444735,-38.16768853647979,5.251558002032439,172.4,311.0390998239674,33.76090017603261
Net Change SA - NFP TCH Index Index,2024-12-31T00:00:00.000000,323.0,0.21313191589996272,0.21313191589996272,0.280848984744963,0.280848984744963,0.7588844093330311,NaN,12.046916525636068,NaN,52.46830577459676,-17.837911315558216,-34.101733092295476,16.26382177673726,177.75,330.96519094672726,24.53480905327271
Net Change SA - NFP TCH Index Index,2025-01-31T00:00:00.000000,111.0,-1.0681221219103225,-1.0681221219103225,-1.3405029103157187,-1.3405029103157187,0.7968070145097675,NaN,12.648919219828079,NaN,48.10097048169232,-22.73289157066722,-31.827964787969826,9.095073217302605,171.95,326.0948054675589,17.805194532441078
Net Change SA - NFP TCH Index Index,2025-02-28T00:00:00.000000,102.0,-0.08455738802806323,-0.08455738802806323,-0.1062320282496797,-0.1062320282496797,0.7959688751242324,NaN,12.635614169559272,NaN,47.91861656426069,-27.026874487682306,-30.867746727912323,3.8408722402300164,164.2,315.9069196631591,12.493080336840876
Net Change SA - NFP TCH Index Index,2025-03-31T00:00:00.000000,120.0,0.16251892949777513,0.16251892949777513,0.20622320513046274,0.20622320513046274,0.7880729493800709,NaN,12.510270234221169,NaN,48.340436084638334,-28.64721011226473,-30.423639404782808,1.7764292925180776,162.8,315.6488761730633,9.951123826936765
Net Change SA - NFP TCH Index Index,2025-04-30T00:00:00.000000,158.0,0.2751032902449211,0.2751032902449211,0.3479883095829619,0.3479883095829619,0.7905532532820195,NaN,12.549643838023684,NaN,49.27447820219201,-26.55890087098581,-29.650691698023408,3.091790827037599,162.85,315.69154161125584,10.008458388744117
Net Change SA - NFP TCH Index Index,2025-05-31T00:00:00.000000,19.0,-2.1181560538605266,-2.1181560538605266,-2.2984071325409,-2.2984071325409,0.9215756529257264,NaN,14.629559951840681,NaN,45.998258620784654,-35.70841470336288,-30.8622362990913,-4.846178404271576,155.9,321.7571357333902,-9.957135733390174
Net Change SA - NFP TCH Index Index,2025-06-30T00:00:00.000000,-13.0,NaN,NaN,NaN,NaN,NaN,NaN,NaN,NaN,45.2523054926404,-45.02261027342054,-33.69431109395715,-11.328299179463393,145.95,327.3521122142448,-35.45211221424486
Net Change SA - NFP TCH Index Index,2025-07-31T00:00:00.000000,79.0,NaN,NaN,NaN,NaN,NaN,NaN,NaN,NaN,47.869778727976914,-44.46794742633273,-35.84903836043226,-8.618909065900468,142.85,326.7106737951894,-41.010673795189405
Net Change SA - NFP TCH Index Index,2025-08-31T00:00:00.000000,22.0,-1.2784053991087054,-1.2784053991087054,NaN,NaN,NaN,NaN,NaN,NaN,46.38994809665407,-48.07363382902652,-38.29395745415111,-9.779676374875407,130.5,311.8475871590826,-50.84758715908259
